ID,POS,Name,TM,ORG,LG,Lev,DOB,Age,HT,WT,B,T,Nat. Pop.,Loc. Pop.,OVR,POT,LEA,LOY,AD,FIN,WE,INT,Type,Prone,INJ,INJ,Left,Schl,CommSch,COMP,HSC,CON,BABIP,GAP,POW,EYE,K's,BA vL,CON vL,GAP vL,POW vL,EYE vL,K vL,BA vR,CON vR,GAP vR,POW vR,EYE vR,K vR,HT P,CON P,GAP P,POW P,EYE P,K P,BUN,BFH,BBT,GBT,FBT,STU,MOV,CON,PBABIP,HRR,STU vL,MOV vL,CON vL,PBABIP vL,HRR vL,STU vR,MOV vR,CON vR,PBABIP vR,HRR vR,STU P,MOV P,CON P,PBABIP P,HRR P,FB,FBP,CH,CHP,CBP,SL,SLP,SI,SIP,SP,SPP,CT,CTP,FO,FOP,CC,CCP,SC,SCP,KC,KCP,KN,KNP,PIT,G/F,VELO,VT,Slot,PT,STM,HLD,C ABI,C FRM,C ARM,IF RNG,IF ERR,IF ARM,TDP,OF RNG,OF ERR,OF ARM,P,C,1B,2B,3B,SS,LF,CF,RF,P Pot,C Pot,1B Pot,2B Pot,3B Pot,SS Pot,LF Pot,CF Pot,RF Pot,SPE,SR,STE,RUN,SLR,YL,CV,TY,ECV,ETY,MLY,MLD,SECY,SECD,PROY,OPT,OY,ON40,IC,WAIV,DFA,DEM,DEM,Sign,R5,FAT,ROOK,ACT,Sct,SctAcc,Risk,SctCat,TXN,TXNDT,DrLg,DrTm,Draft,Round,Pick,OA Pick,Disc,DiscTm,Relation,Interest
74791,RP,Alex Abarca,-,-,-,-,03/30/2026,16,6' 1',175 lbs,R,R,Unkn.,Unkn.,20,35,N,N,H,N,H,N,Unknown,Normal,-,-,-,-,-,-,-,20,20,20,20,20,20,20,20,20,20,20,20,20,20,20,20,20,20,30,30,30,35,30,30,75,25,Flyball,Normal,Pull,20,25,20,40,20,20,25,20,40,20,20,25,20,40,20,45,55,30,45,65,30,45,-,-,-,-,-,-,-,-,-,-,-,-,-,25,55,-,-,-,-,-,-,2,EX FB,87-89,90-92,3/4,Normal,35,45,25,25,25,30,20,45,30,50,45,45,35,-,-,-,-,-,-,-,-,35,-,30,-,-,-,50,25,40,30,25,25,35,Free agent,0,-,0,-,0,0,0,0,0,0,0,0,-,-,-,-,$92k,$92k,Easy,No,-,No,No,Aug. 7th   2042,Average,Medium,International,None,,Major League Baseball,-,0,0,0,0,2042,-,Weak,Very Low
74789,3B,Jaicus Aboloc,-,-,-,-,01/07/2026,16,6' 3',190 lbs,L,R,Unkn.,Unkn.,20,45,N,N,N,N,N,H,Unknown,Normal,-,-,-,-,-,-,-,20,20,25,25,30,25,20,20,25,25,30,25,20,20,25,25,30,25,45,45,45,55,65,45,45,20,Normal,Pull,Pull,20,20,20,20,20,20,20,20,20,20,20,20,20,20,20,20,20,30,20,25,-,-,-,-,-,-,-,-,-,-,-,-,-,-,-,-,-,-,-,-,-,-,-,0,FB,87-89,87-89,3/4,Normal,20,20,20,20,20,40,50,70,35,30,25,30,-,-,-,-,30,-,-,-,-,75,-,60,30,45,-,-,-,-,50,30,25,35,Free agent,0,-,0,-,0,0,0,0,0,0,0,0,-,-,-,-,$92k,$92k,Very Easy,No,-,No,No,Aug. 1st   2042,Average,Medium,International,None,,Major League Baseball,-,0,0,0,0,2042,-,Weak,Very Low
74752,RF,Tony Acevedo,-,-,-,-,08/10/2025,17,6' 4',195 lbs,R,L,Unkn.,Unkn.,20,60,N,N,N,N,N,N,Unknown,Normal,-,-,-,-,-,-,-,25,25,30,30,30,30,25,25,30,30,30,30,25,25,30,30,30,30,55,60,55,55,65,60,30,25,Normal,Normal,Spray,20,20,20,30,20,20,20,20,30,20,20,20,20,30,20,20,35,30,30,35,-,-,-,-,-,-,-,-,-,-,-,-,-,-,-,-,-,-,-,-,-,-,-,0,NEU,89-91,91-93,OTT,Normal,20,20,20,20,20,25,30,50,20,50,50,65,-,-,-,-,-,-,25,-,35,45,-,35,-,-,-,55,35,55,30,25,25,35,Free agent,0,-,0,-,0,0,0,0,0,0,0,0,-,-,-,-,$596k,$596k,Easy,No,-,No,No,Jul. 26th   2042,Average,Medium,International,None,,Major League Baseball,-,0,0,0,0,2042,-,Average,Very Low
74815,C,Ivan Aguilar,-,-,-,-,05/27/2025,17,6' 0',175 lbs,R,R,Unkn.,Unkn.,20,70,L,N,N,N,N,N,Unknown,Durable,-,-,-,-,-,-,-,25,25,25,30,25,30,25,25,25,30,25,30,25,25,25,30,25,30,55,55,50,65,55,55,40,25,Normal,Normal,Normal,20,20,20,20,20,20,20,20,20,20,20,20,20,25,20,20,30,30,20,35,-,-,-,-,-,-,-,-,-,-,-,-,-,-,-,-,-,-,-,-,-,-,-,0,GB,87-89,89-91,SIDE,GB'er,20,20,50,50,45,30,25,55,25,35,40,40,-,30,-,-,-,-,-,-,-,40,45,35,-,-,-,30,-,25,30,40,35,35,Free agent,0,-,0,-,0,0,0,0,0,0,0,0,-,-,-,-,$813k,$813k,Very Easy,No,-,No,No,Jul. 22nd   2042,Average,Medium,International,None,,Major League Baseball,-,0,0,0,0,2042,-,Weak,Very Low
74759,CF,Jon Alcantara,-,-,-,-,05/28/2025,17,6' 2',180 lbs,R,R,Unkn.,Unkn.,20,80,L,N,H,N,N,N,Unknown,Normal,-,-,-,-,-,-,-,30,30,40,30,35,30,30,30,40,30,35,30,30,30,40,30,35,30,60,70,80,70,80,70,55,25,Line Drive,Spray,Normal,20,20,20,25,20,20,20,20,25,20,20,20,20,25,20,20,35,30,25,40,-,-,-,-,-,-,-,-,-,-,-,-,-,-,-,-,-,-,-,-,-,-,-,0,FB,87-89,89-91,3/4,Normal,20,20,20,25,20,30,30,40,30,55,50,50,-,-,25,-,-,-,25,30,25,50,-,40,-,-,-,60,40,55,60,45,50,35,Free agent,0,-,0,-,0,0,0,0,0,0,0,0,-,-,-,-,$1.2m,$1.2m,Easy,No,-,No,No,Aug. 22nd   2042,Average,Medium,International,None,,Major League Baseball,-,0,0,0,0,2042,-,Weak,Very Low
74739,RF,Alex Aldaz,-,-,-,-,08/09/2025,17,6' 3',185 lbs,R,R,Unkn.,Unkn.,20,50,N,N,N,L,H,N,Unknown,Normal,-,-,-,-,-,-,-,25,25,20,25,20,30,25,25,20,25,20,30,25,25,20,25,20,30,55,65,50,45,50,65,30,20,Groundball,Spray,Normal,20,20,20,20,20,20,20,20,20,20,20,20,20,20,20,20,25,30,20,30,-,-,-,-,-,-,-,-,-,-,-,-,-,-,-,-,-,-,-,-,-,-,-,0,NEU,87-89,87-89,OTT,Normal,20,20,20,20,20,30,25,30,20,50,35,35,-,-,-,-,-,-,25,-,25,40,-,35,-,-,-,45,25,35,55,45,45,45,Free agent,0,-,0,-,0,0,0,0,0,0,0,0,-,-,-,-,$114k,$114k,Easy,No,-,No,No,Aug. 8th   2042,Average,Medium,International,None,,Major League Baseball,-,0,0,0,0,2042,-,Very Weak,Very Low
70663,2B,Ramon Alicea,-,-,-,-,01/24/2023,19,6' 2',180 lbs,R,R,Unkn.,Unkn.,20,45,N,N,N,N,H,L,Unknown,Fragile,-,-,-,-,-,-,-,25,25,25,20,25,20,25,25,25,20,25,20,25,25,25,20,25,20,50,55,45,45,45,60,55,20,Groundball,Spray,Normal,20,20,20,25,20,20,20,20,25,20,20,20,20,25,20,20,30,30,25,30,-,-,-,-,-,-,-,-,-,-,-,-,-,-,-,-,-,-,-,-,-,-,-,0,EX FB,87-89,87-89,SIDE,Normal,20,20,20,20,20,50,45,35,60,50,50,45,-,-,-,30,-,-,-,-,-,75,-,65,45,30,30,50,30,45,40,45,40,45,Free agent,0,-,0,-,0,0,0,0,0,0,0,0,-,-,-,-,$81k,$81k,Easy,No,-,No,No,Jul. 25th   2042,High,Extreme,International,None,,Major League Baseball,-,0,0,0,0,2039,-,Weak,Very Low
72024,RF,Bobby Alvarado,-,-,-,-,08/21/2023,19,6' 0',185 lbs,L,L,Unkn.,Unkn.,20,40,N,N,N,N,N,N,Unknown,Normal,-,-,-,-,-,-,-,25,20,30,25,25,30,20,25,30,25,25,25,20,25,30,25,25,30,45,45,50,50,45,50,55,25,Normal,Normal,Normal,20,20,20,20,20,20,20,20,20,20,20,20,20,20,20,20,30,30,20,30,-,-,-,-,-,-,-,-,-,-,-,-,-,-,-,-,-,-,-,-,-,-,-,0,NEU,86-88,86-88,3/4,Normal,20,20,25,25,25,35,35,35,20,50,50,45,-,-,25,-,-,-,25,-,30,50,-,40,-,-,-,50,25,45,35,45,45,55,Free agent,0,-,0,-,0,0,0,0,0,0,0,0,-,-,-,-,$81k,$81k,Easy,No,-,No,No,Aug. 18th   2042,High,Medium,International,None,,Major League Baseball,-,0,0,0,0,2040,-,Very Weak,Very Low
74797,2B,Juan Alvarez,-,-,-,-,05/23/2025,17,5' 11',165 lbs,R,R,Unkn.,Unkn.,20,50,L,N,N,N,N,N,Unknown,Normal,-,-,-,-,-,-,-,25,20,25,30,30,30,20,25,25,30,25,30,20,25,25,30,30,30,50,55,55,60,50,60,45,20,Normal,Spray,Normal,20,20,25,20,20,20,20,25,20,20,20,20,25,25,20,20,30,30,20,30,-,-,-,-,-,-,-,-,-,-,-,-,-,-,-,-,-,-,-,-,-,-,-,0,NEU,80-83,80-83,3/4,Normal,20,20,20,25,25,45,40,35,60,30,45,45,-,-,-,30,-,-,-,-,-,70,-,55,45,25,30,30,-,-,50,35,30,30,Free agent,0,-,0,-,0,0,0,0,0,0,0,0,-,-,-,-,$488k,$488k,Very Easy,No,-,No,No,Aug. 22nd   2042,Average,Medium,International,None,,Major League Baseball,-,0,0,0,0,2042,-,Average,Very Low
74778,2B,Alex Anaya,-,-,-,-,10/22/2025,16,6' 0',170 lbs,L,R,Unkn.,Unkn.,20,45,N,N,H,N,N,N,Unknown,Normal,-,-,-,-,-,-,-,25,30,20,20,25,25,25,25,20,20,25,25,30,30,20,20,25,30,65,65,45,35,55,65,55,20,Normal,Normal,Spray,20,20,20,20,20,20,20,20,20,20,20,20,20,20,20,20,40,30,20,45,-,-,-,-,-,-,-,-,-,-,-,-,-,-,-,-,-,-,-,-,-,-,-,0,EX FB,88-90,88-90,3/4,Normal,20,20,20,20,20,45,40,40,45,30,40,35,-,-,-,25,-,-,-,-,-,70,-,55,35,25,25,20,-,-,35,35,25,20,Free agent,0,-,0,-,0,0,0,0,0,0,0,0,-,-,-,-,$92k,$92k,Easy,No,-,No,No,Aug. 14th   2042,Average,Extreme,International,None,,Major League Baseball,-,0,0,0,0,2042,-,Very Weak,Very Low
72002,RF,Gabe Arellano,-,-,-,-,04/18/2024,18,6' 4',195 lbs,L,L,Unkn.,Unkn.,20,45,N,N,H,N,N,N,Unknown,Normal,-,-,-,-,-,-,-,25,25,25,20,25,30,25,25,25,20,25,30,25,25,25,20,25,30,55,65,45,40,50,65,55,25,Groundball,Spray,Pull,20,20,20,20,20,20,20,20,20,20,20,20,20,20,20,20,30,30,20,35,-,-,-,-,-,-,-,-,-,-,-,-,-,-,-,-,-,-,-,-,-,-,-,0,GB,86-88,86-88,SIDE,GB'er,20,20,20,20,20,40,40,50,20,45,60,40,-,-,-,-,-,-,20,-,25,65,-,55,-,-,-,45,-,40,30,25,25,20,Free agent,0,-,0,-,0,0,0,0,0,0,0,0,-,-,-,-,$87k,$87k,Easy,No,-,No,No,Aug. 17th   2042,High,Medium,International,None,,Major League Baseball,-,0,0,0,0,2040,-,Very Weak,Very Low
73403,RP,Jose Arevalo,-,-,-,-,02/28/2025,17,6' 3',185 lbs,L,L,Unkn.,Unkn.,25,45,N,N,N,N,N,H,Unknown,Normal,-,-,-,-,-,-,-,20,20,20,20,20,20,20,20,20,20,20,20,20,20,20,20,20,20,30,30,30,30,30,30,60,25,Normal,Normal,Spray,35,30,30,40,25,40,30,30,45,25,30,25,25,40,20,50,50,45,45,55,-,-,-,-,-,35,60,-,-,-,-,30,55,-,-,-,-,-,-,-,-,-,-,2,NEU,89-91,92-94,SIDE,Normal,40,55,25,25,25,30,25,45,20,45,40,40,45,-,-,-,-,-,-,-,-,45,-,40,-,-,-,40,-,30,20,25,20,25,Free agent,0,-,0,-,0,0,0,0,0,0,0,0,-,-,-,-,$92k,$92k,Very Easy,No,-,No,No,Aug. 22nd   2042,High,Medium,International,None,,Major League Baseball,-,0,0,0,0,2041,-,Weak,Very Low
74745,SP,Tony Arnaut,-,-,-,-,04/13/2026,16,5' 11',165 lbs,S,R,Unkn.,Unkn.,20,55,N,L,N,N,N,N,Unknown,Normal,-,-,-,-,-,-,-,20,20,20,20,20,20,20,20,20,20,20,20,20,20,20,20,20,20,25,25,30,30,35,30,60,25,Normal,Normal,Normal,25,20,25,40,20,25,20,25,40,20,25,20,25,45,20,45,50,55,45,55,30,50,20,55,-,-,-,25,50,-,-,-,-,-,-,-,-,-,-,-,-,-,-,3,NEU,88-90,91-93,3/4,Normal,65,45,25,25,25,30,25,50,35,40,35,50,40,-,-,-,-,-,-,-,-,40,-,30,-,-,-,40,-,35,20,25,20,30,Free agent,0,-,0,-,0,0,0,0,0,0,0,0,-,-,-,-,$195k,$195k,Easy,No,-,No,No,Aug. 8th   2042,Average,Medium,International,None,,Major League Baseball,-,0,0,0,0,2042,-,Very Weak,Very Low
74784,CF,Alex Arredondo,-,-,-,-,08/01/2025,17,6' 2',180 lbs,S,R,Unkn.,Unkn.,20,60,H,H,N,N,N,H,Unknown,Normal,-,-,-,-,-,-,-,25,30,35,25,30,25,30,25,35,25,30,25,30,25,35,25,30,25,65,65,80,60,50,60,70,20,Line Drive,Normal,Spray,20,20,20,20,20,20,20,20,20,20,20,20,20,20,20,20,25,30,20,30,-,-,-,-,-,-,-,-,-,-,-,-,-,-,-,-,-,-,-,-,-,-,-,0,NEU,86-88,86-88,3/4,Normal,20,20,25,25,25,35,30,35,30,55,45,45,-,-,-,-,-,-,30,30,25,55,-,45,-,-,-,60,40,50,50,45,35,45,Free agent,0,-,0,-,0,0,0,0,0,0,0,0,-,-,-,-,$352k,$352k,Very Easy,No,-,No,No,Jul. 25th   2042,Average,Medium,International,None,,Major League Baseball,-,0,0,0,0,2042,-,Very Weak,Very Low
74756,SP,Angelo Arredondo,-,-,-,-,03/19/2026,16,5' 11',165 lbs,S,R,Unkn.,Unkn.,25,75,N,N,L,N,N,N,Unknown,Normal,-,-,-,-,-,-,-,20,20,20,20,25,20,20,20,20,20,25,20,20,20,20,20,25,20,30,30,30,30,40,30,50,25,Flyball,Normal,Spray,30,30,30,40,30,30,30,30,40,30,30,30,30,40,30,45,65,60,45,80,30,45,20,55,-,-,-,-,-,-,-,30,50,-,-,-,-,-,-,-,-,-,-,3,NEU,87-89,90-92,3/4,Normal,70,25,20,20,25,30,40,45,25,60,55,55,60,-,-,-,-,-,-,-,-,60,-,45,-,25,-,65,50,60,20,20,20,20,Free agent,0,-,0,-,0,0,0,0,0,0,0,0,-,-,-,-,$867k,$867k,Easy,No,-,No,No,Jul. 23rd   2042,Average,Extreme,International,None,,Major League Baseball,-,0,0,0,0,2042,-,Very Weak,Low
74787,2B,Victor Bahena,-,-,-,-,07/02/2025,17,6' 2',190 lbs,R,R,Unkn.,Unkn.,20,50,L,L,N,H,L,N,Unknown,Normal,-,-,-,-,-,-,-,25,25,30,30,25,25,20,25,30,30,25,25,25,25,30,30,25,25,50,55,55,65,50,60,45,25,Normal,Pull,Normal,20,25,20,20,25,20,25,20,20,25,20,25,20,20,25,20,35,30,20,40,-,-,-,-,-,-,-,-,-,-,-,-,-,-,-,-,-,-,-,-,-,-,-,0,NEU,86-88,86-88,3/4,Normal,20,20,20,20,20,50,45,45,50,40,35,35,-,-,-,30,25,-,20,-,-,75,-,65,45,35,35,35,-,25,45,50,50,50,Free agent,0,-,0,-,0,0,0,0,0,0,0,0,-,-,-,-,$114k,$114k,Easy,No,-,No,No,Aug. 7th   2042,Average,Extreme,International,None,,Major League Baseball,-,0,0,0,0,2042,-,Very Weak,Very Low
74793,C,Cesar Barrera,-,-,-,-,06/27/2025,17,6' 1',185 lbs,R,R,Unkn.,Unkn.,20,50,N,N,N,H,N,N,Unknown,Normal,-,-,-,-,-,-,-,25,25,30,25,30,25,25,25,30,25,30,25,25,25,30,25,30,25,50,50,45,45,55,50,60,25,Groundball,Normal,Pull,20,20,20,20,20,20,20,20,20,20,20,20,20,20,20,20,25,30,20,25,-,-,-,-,-,-,-,-,-,-,-,-,-,-,-,-,-,-,-,-,-,-,-,0,EX FB,89-91,91-93,3/4,Normal,20,20,50,45,55,30,20,55,40,35,55,55,-,30,20,-,-,-,-,-,-,45,45,35,-,-,-,35,-,35,20,25,20,35,Free agent,0,-,0,-,0,0,0,0,0,0,0,0,-,-,-,-,$244k,$244k,Very Easy,No,-,No,No,Jul. 31st   2042,Average,Medium,International,None,,Major League Baseball,-,0,0,0,0,2042,-,Weak,Very Low
74731,SP,David Betancourt,-,-,-,-,05/09/2025,17,6' 2',180 lbs,R,R,Unkn.,Unkn.,20,55,N,H,N,N,N,N,Unknown,Normal,-,-,-,-,-,-,-,25,30,20,20,20,20,30,25,20,20,20,20,30,25,20,20,20,20,50,40,30,30,50,30,50,20,Groundball,Spray,Pull,30,30,20,45,20,30,30,20,45,20,30,30,20,45,20,60,50,40,50,50,45,80,25,75,-,-,-,-,-,-,-,-,-,-,-,-,-,-,-,25,50,-,-,3,FB,92-94,96-98,OTT,Normal,70,60,25,25,25,30,20,50,20,40,40,45,40,-,-,-,-,-,-,-,-,40,-,35,-,-,-,40,-,30,30,25,20,35,Free agent,0,-,0,-,0,0,0,0,0,0,0,0,-,-,-,-,$596k,$596k,Very Easy,No,-,No,No,Jul. 20th   2042,Average,Medium,International,None,,Major League Baseball,-,0,0,0,0,2042,-,Weak,Very Low
73438,CF,Arturo Blanco,-,-,-,-,01/29/2025,17,6' 4',195 lbs,R,R,Unkn.,Unkn.,20,45,N,N,N,N,N,N,Unknown,Normal,-,-,-,-,-,-,-,25,25,20,25,25,30,25,25,20,25,25,30,25,25,20,25,25,30,55,65,50,45,45,70,75,20,Normal,Normal,Normal,20,20,20,20,20,20,20,20,20,20,20,20,20,20,20,20,35,30,20,40,-,-,-,-,-,-,-,-,-,-,-,-,-,-,-,-,-,-,-,-,-,-,-,0,NEU,88-90,88-90,3/4,Normal,20,20,20,20,20,25,25,30,20,60,40,55,-,-,-,-,-,-,25,30,25,30,-,30,-,-,-,65,50,60,45,35,35,45,Free agent,0,-,0,-,0,0,0,0,0,0,0,0,-,-,-,-,$98k,$98k,Very Easy,No,-,No,No,Aug. 23rd   2042,Average,High,International,None,,Major League Baseball,-,0,0,0,0,2041,-,Weak,Very Low
74771,C,Juan Briseno,-,-,-,-,03/20/2026,16,6' 4',195 lbs,R,R,Unkn.,Unkn.,20,60,N,N,N,N,N,N,Unknown,Normal,-,-,-,-,-,-,-,25,25,25,30,25,30,25,25,25,30,25,30,25,25,25,30,20,30,50,55,55,65,50,60,40,20,Normal,Pull,Normal,20,20,20,20,20,20,20,20,20,20,20,20,20,20,20,20,30,30,20,30,-,-,-,-,-,-,-,-,-,-,-,-,-,-,-,-,-,-,-,-,-,-,-,0,NEU,83-85,83-85,3/4,Normal,20,20,70,60,45,30,35,60,40,45,40,50,-,35,25,-,-,-,-,-,-,55,55,45,-,25,-,45,-,40,35,45,40,40,Free agent,0,-,0,-,0,0,0,0,0,0,0,0,-,-,-,-,$1.4m,$1.4m,Very Easy,No,-,No,No,Jul. 22nd   2042,Average,Extreme,International,None,,Major League Baseball,-,0,0,0,0,2042,-,Weak,Very Low
73470,2B,David Camacho,-,-,-,-,11/26/2024,17,6' 2',185 lbs,R,R,Unkn.,Unkn.,20,45,N,N,H,N,H,N,Unknown,Normal,-,-,-,-,-,-,-,25,25,20,25,25,25,25,25,20,25,25,30,25,25,20,25,25,25,50,55,50,45,50,65,45,20,Groundball,Normal,Normal,20,20,20,30,20,20,20,20,30,20,20,20,20,30,20,20,35,30,30,40,-,-,-,-,-,-,-,-,-,-,-,-,-,-,-,-,-,-,-,-,-,-,-,0,EX FB,87-89,89-91,3/4,Normal,20,20,25,25,20,35,40,45,60,50,35,40,-,-,-,25,-,-,-,-,-,65,-,50,35,30,-,50,25,40,55,50,45,45,Free agent,0,-,0,-,0,0,0,0,0,0,0,0,-,-,-,-,$406k,$406k,Very Easy,No,-,No,No,Jul. 19th   2042,Average,Medium,International,None,,Major League Baseball,-,0,0,0,0,2041,-,Weak,Very Low
73448,3B,Franklin Carmona,-,-,-,-,07/25/2024,18,6' 3',190 lbs,S,R,Unkn.,Unkn.,20,45,N,N,N,N,H,N,Unknown,Normal,-,-,-,-,-,-,-,25,25,25,30,20,25,25,25,25,30,20,25,25,25,25,30,20,25,55,50,50,55,45,50,50,25,Normal,Normal,Normal,20,20,20,25,20,20,20,20,25,20,20,20,20,25,20,20,30,30,25,30,-,-,-,-,-,-,-,-,-,-,-,-,-,-,-,-,-,-,-,-,-,-,-,0,NEU,83-85,83-85,3/4,Normal,20,20,20,20,20,55,40,45,45,40,35,50,-,-,30,25,25,-,20,-,-,75,-,70,45,35,35,40,-,35,55,45,45,40,Free agent,0,-,0,-,0,0,0,0,0,0,0,0,-,-,-,-,$92k,$92k,Very Easy,No,-,No,No,Aug. 18th   2042,High,Medium,International,None,,Major League Baseball,-,0,0,0,0,2041,-,Weak,Very Low
73443,CF,Jose Carmona,-,-,-,-,10/20/2024,17,6' 0',175 lbs,L,R,Unkn.,Unkn.,20,45,N,L,N,N,N,L,Unknown,Fragile,-,-,-,-,-,-,-,25,30,25,25,25,25,30,25,25,25,25,25,30,25,25,25,25,25,60,60,45,50,45,55,55,20,Normal,Spray,Normal,20,30,20,20,30,20,30,20,20,30,20,30,20,20,30,20,35,30,20,40,-,-,-,-,-,-,-,-,-,-,-,-,-,-,-,-,-,-,-,-,-,-,-,0,GB,84-86,84-86,3/4,GB'er,20,20,20,20,20,30,40,45,30,45,50,35,-,-,-,-,-,-,25,20,20,60,-,45,-,25,-,45,20,35,50,40,45,45,Free agent,0,-,0,-,0,0,0,0,0,0,0,0,-,-,-,-,$87k,$87k,Very Easy,No,-,No,No,Aug. 8th   2042,High,Medium,International,None,,Major League Baseball,-,0,0,0,0,2041,-,Weak,Very Low
73473,C,Gabe Casisas,-,-,-,-,10/04/2024,17,5' 11',170 lbs,R,R,Unkn.,Unkn.,20,40,L,L,N,N,N,H,Unknown,Normal,-,-,-,-,-,-,-,20,25,25,30,25,20,25,20,25,30,25,20,25,20,25,30,25,20,40,45,50,45,45,50,55,25,Normal,Spray,Pull,20,20,20,20,20,20,20,20,20,20,20,20,20,20,20,20,40,30,20,45,-,-,-,-,-,-,-,-,-,-,-,-,-,-,-,-,-,-,-,-,-,-,-,0,FB,84-86,84-86,SIDE,Normal,20,20,60,35,45,25,25,35,25,30,35,45,-,30,-,-,-,-,-,-,-,30,45,25,-,-,-,25,-,-,35,30,30,20,Free agent,0,-,0,-,0,0,0,0,0,0,0,0,-,-,-,-,$200k,$200k,Easy,No,-,No,No,Aug. 15th   2042,Average,Medium,International,None,,Major League Baseball,-,0,0,0,0,2041,-,Weak,Very Low
74777,SP,Frank Castillo,-,-,-,-,03/27/2026,16,5' 10',165 lbs,R,R,Unkn.,Unkn.,25,45,N,N,N,N,N,N,Unknown,Normal,-,-,-,-,-,-,-,20,20,20,20,20,20,20,20,20,20,20,20,20,20,20,20,20,20,25,25,30,35,30,25,45,25,Flyball,Normal,Pull,30,25,30,40,20,30,25,30,40,20,30,25,30,40,20,50,50,55,45,50,40,70,-,-,-,-,-,25,50,-,-,30,60,-,-,-,-,-,-,-,-,-,-,3,FB,90-92,94-96,3/4,Normal,40,35,25,20,20,25,35,35,20,45,50,50,45,-,-,-,-,-,-,-,-,45,-,30,-,-,-,50,-,45,25,20,20,25,Free agent,0,-,0,-,0,0,0,0,0,0,0,0,-,-,-,-,$190k,$190k,Very Easy,No,-,No,No,Jul. 17th   2042,Average,Medium,International,None,,Major League Baseball,-,0,0,0,0,2042,-,Average,Very Low
74816,2B,Leonardo Castro,-,-,-,-,10/20/2025,16,6' 2',185 lbs,R,R,Unkn.,Unkn.,20,65,N,N,N,H,N,H,Unknown,Normal,-,-,-,-,-,-,-,25,25,30,30,20,30,25,30,30,30,20,30,25,25,30,30,20,30,60,70,75,55,45,75,35,20,Line Drive,Spray,Spray,20,20,20,20,20,20,20,20,20,20,20,20,20,20,20,20,30,30,20,35,-,-,-,-,-,-,-,-,-,-,-,-,-,-,-,-,-,-,-,-,-,-,-,0,GB,85-87,85-87,3/4,GB'er,20,20,20,20,20,50,55,35,50,35,50,30,-,-,-,30,-,-,-,-,-,80,-,70,45,30,35,30,-,-,40,40,35,50,Free agent,0,-,0,-,0,0,0,0,0,0,0,0,-,-,-,-,$542k,$542k,Easy,No,-,No,No,Jul. 22nd   2042,Average,Extreme,International,None,,Major League Baseball,-,0,0,0,0,2042,-,Very Weak,Very Low
72007,SS,Leonardo Cecilio,-,-,-,-,07/07/2023,19,6' 0',180 lbs,S,R,Unkn.,Unkn.,20,45,N,N,L,N,L,L,Unknown,Normal,-,-,-,-,-,-,-,25,25,25,25,25,25,25,25,25,25,25,25,25,25,25,25,25,30,50,55,50,55,45,55,35,25,Normal,Normal,Normal,20,20,20,20,20,20,20,20,20,20,20,20,20,20,20,20,30,30,20,35,-,-,-,-,-,-,-,-,-,-,-,-,-,-,-,-,-,-,-,-,-,-,-,0,EX FB,83-85,83-85,OTT,Normal,20,20,20,20,20,45,65,55,45,30,30,45,-,-,-,-,-,30,-,-,-,80,-,65,45,50,40,25,-,-,40,35,35,45,Free agent,0,-,0,-,0,0,0,0,0,0,0,0,-,-,-,-,$87k,$87k,Easy,No,-,No,No,Jul. 9th   2042,High,Medium,International,None,,Major League Baseball,-,0,0,0,0,2040,-,Weak,Very Low
74723,3B,Badrak Chudasama,-,-,-,-,07/20/2025,17,6' 2',180 lbs,R,R,Unkn.,Unkn.,20,65,N,L,N,H,N,N,Unknown,Normal,-,-,-,-,-,-,-,25,30,30,20,25,20,30,25,30,20,25,20,30,25,30,20,25,20,80,75,55,45,50,60,45,25,Line Drive,Pull,Normal,20,20,20,25,20,20,20,20,25,20,20,20,20,25,20,20,30,30,25,30,-,-,-,-,-,-,-,-,-,-,-,-,-,-,-,-,-,-,-,-,-,-,-,0,NEU,83-85,83-85,3/4,Normal,20,20,25,20,25,50,45,65,40,40,35,60,-,-,-,25,30,25,25,-,-,80,-,65,40,50,40,40,-,40,35,25,25,35,Free agent,0,-,0,-,0,0,0,0,0,0,0,0,-,-,-,-,$813k,$813k,Easy,No,-,No,No,Jul. 24th   2042,Average,Medium,International,None,,Major League Baseball,-,0,0,0,0,2042,-,Very Weak,Very Low
73404,RF,Kevin Collado,-,-,-,-,09/02/2024,17,6' 1',180 lbs,R,R,Unkn.,Unkn.,20,50,L,N,N,N,N,N,Unknown,Durable,-,-,-,-,-,-,-,25,20,25,25,30,30,20,25,25,30,30,30,20,25,25,25,30,30,50,55,45,55,50,70,35,25,Normal,Pull,Normal,20,20,20,25,20,20,20,20,25,20,20,20,20,25,20,20,30,30,25,30,-,-,-,-,-,-,-,-,-,-,-,-,-,-,-,-,-,-,-,-,-,-,-,0,NEU,86-88,86-88,3/4,Normal,20,20,20,20,20,35,30,45,25,40,50,35,-,-,-,-,-,-,20,-,25,50,-,40,-,-,-,40,-,30,25,20,20,20,Free agent,0,-,0,-,0,0,0,0,0,0,0,0,-,-,-,-,$81k,$81k,Very Easy,No,-,No,No,Aug. 23rd   2042,High,Medium,International,None,,Major League Baseball,-,0,0,0,0,2041,-,Weak,Very Low
73442,2B,Tony Contreras,-,-,-,-,10/05/2024,17,6' 3',185 lbs,R,R,Unkn.,Unkn.,20,50,N,N,N,N,H,N,Unknown,Normal,-,-,-,-,-,-,-,25,25,30,30,25,25,25,25,30,30,25,25,25,25,30,30,25,25,50,55,55,55,45,60,40,45,Normal,Pull,Normal,20,20,20,20,20,20,20,20,20,20,20,20,20,20,20,20,30,30,20,35,-,-,-,-,-,-,-,-,-,-,-,-,-,-,-,-,-,-,-,-,-,-,-,0,GB,86-88,86-88,3/4,GB'er,20,20,20,20,20,60,45,30,60,35,45,35,-,-,-,35,-,20,-,-,-,80,-,70,55,25,35,30,-,20,55,50,55,60,Free agent,0,-,0,-,0,0,0,0,0,0,0,0,-,-,-,-,$98k,$98k,Easy,No,-,No,No,Aug. 16th   2042,High,Extreme,International,None,,Major League Baseball,-,0,0,0,0,2041,-,Very Weak,Very Low
72058,RF,David Cuellar,-,-,-,-,11/17/2023,18,6' 2',190 lbs,R,L,Unkn.,Unkn.,20,40,N,H,N,N,H,H,Unknown,Normal,-,-,-,-,-,-,-,20,20,25,20,30,25,20,20,25,20,30,25,20,20,25,20,30,25,45,45,45,40,60,45,45,20,Normal,Spray,Spray,20,20,20,20,20,20,20,20,20,20,20,20,20,20,20,20,25,30,20,30,-,-,-,-,-,-,-,-,-,-,-,-,-,-,-,-,-,-,-,-,-,-,-,0,NEU,88-90,90-92,3/4,Normal,20,20,25,25,25,30,30,30,20,50,50,40,-,-,-,-,-,-,25,-,30,40,-,35,-,-,-,55,30,45,35,40,30,45,Free agent,0,-,0,-,0,0,0,0,0,0,0,0,-,-,-,-,$81k,$81k,Easy,No,-,No,No,Aug. 6th   2042,High,Low,International,None,,Major League Baseball,-,0,0,0,0,2040,-,Very Weak,Very Low
70654,CF,Alex de Alba,-,-,-,-,03/16/2023,19,6' 2',180 lbs,L,L,Unkn.,Unkn.,20,40,N,N,N,N,N,N,Unknown,Normal,-,-,-,-,-,-,-,20,20,25,25,25,20,20,20,25,25,25,20,20,20,25,25,25,20,45,40,45,55,60,40,30,25,Normal,Normal,Normal,20,20,20,20,20,20,20,20,20,20,20,20,20,20,20,20,30,30,20,35,-,-,-,-,-,-,-,-,-,-,-,-,-,-,-,-,-,-,-,-,-,-,-,0,FB,89-91,91-93,3/4,Normal,20,20,20,20,20,45,35,65,20,55,35,45,-,-,25,-,-,-,25,30,25,70,-,55,-,-,-,60,40,50,45,35,35,20,Free agent,0,-,0,-,0,0,0,0,0,0,0,0,-,-,-,-,$81k,$81k,Very Easy,No,-,No,No,Jul. 29th   2042,High,Medium,International,None,,Major League Baseball,-,0,0,0,0,2039,-,Weak,Very Low
73396,C,Nestor de la Cruz,-,-,-,-,10/02/2024,17,6' 2',185 lbs,R,R,Unkn.,Unkn.,20,40,N,N,N,N,N,N,Unknown,Normal,-,-,-,-,-,-,-,20,20,20,30,25,20,20,20,25,30,25,20,20,20,20,25,25,20,40,40,45,55,50,45,55,20,Flyball,Pull,Spray,20,20,20,25,20,20,20,20,25,20,20,20,20,25,20,20,30,30,25,30,-,-,-,-,-,-,-,-,-,-,-,-,-,-,-,-,-,-,-,-,-,-,-,0,NEU,88-90,88-90,3/4,Normal,20,20,35,60,45,35,35,50,25,30,30,35,-,30,25,-,-,-,-,-,-,55,40,45,-,25,-,-,-,-,20,25,25,35,Free agent,0,-,0,-,0,0,0,0,0,0,0,0,-,-,-,-,$92k,$92k,Very Easy,No,-,No,No,Jul. 8th   2042,High,Medium,International,None,,Major League Baseball,-,0,0,0,0,2041,-,Very Weak,Very Low
72076,2B,Jose de la Torre,-,-,-,-,08/28/2023,18,6' 1',195 lbs,R,R,Unkn.,Unkn.,20,45,N,N,N,N,N,N,Unknown,Durable,-,-,-,-,-,-,-,25,25,30,30,20,20,25,25,30,30,20,20,25,25,30,30,20,20,55,45,50,75,45,40,30,20,Flyball,Normal,Spray,20,20,20,20,20,20,20,20,20,20,20,20,20,20,20,20,25,30,20,30,-,-,-,-,-,-,-,-,-,-,-,-,-,-,-,-,-,-,-,-,-,-,-,0,NEU,80-83,80-83,3/4,Normal,20,20,20,20,20,50,40,60,35,50,35,55,-,-,-,25,25,20,25,-,25,75,-,65,40,45,30,50,30,45,40,35,40,35,Free agent,0,-,0,-,0,0,0,0,0,0,0,0,-,-,-,-,$81k,$81k,Very Easy,No,-,No,No,Jul. 4th   2042,High,Medium,International,None,,Major League Baseball,-,0,0,0,0,2040,-,Weak,Very Low
74798,3B,Joop de Ridder,-,-,-,-,11/08/2025,16,6' 2',190 lbs,R,R,Unkn.,Unkn.,20,40,N,N,H,N,N,N,Unknown,Normal,-,-,-,-,-,-,-,20,25,25,30,20,20,25,20,25,30,20,20,25,20,25,30,20,20,50,45,50,65,50,40,30,20,Flyball,Pull,Pull,20,20,20,20,20,20,20,20,20,20,20,20,20,20,20,20,25,30,20,30,-,-,-,-,-,-,-,-,-,-,-,-,-,-,-,-,-,-,-,-,-,-,-,0,FB,87-89,87-89,3/4,Normal,20,20,25,20,25,45,45,35,30,40,35,50,-,-,25,20,20,-,-,-,-,70,-,60,30,25,-,40,-,35,35,40,45,35,Free agent,0,-,0,-,0,0,0,0,0,0,0,0,-,-,-,-,$76k,$76k,Easy,No,-,No,No,Aug. 10th   2042,Average,Medium,International,None,,Major League Baseball,-,0,0,0,0,2042,-,Very Weak,Very Low
73431,SS,Alex Diaz,-,-,-,-,04/04/2025,17,6' 4',175 lbs,R,R,Unkn.,Unkn.,20,45,L,N,L,N,N,N,Unknown,Normal,-,-,-,-,-,-,-,25,25,25,20,25,30,25,25,25,20,25,30,20,25,25,20,25,30,50,55,50,40,50,55,30,20,Normal,Normal,Spray,20,20,20,20,20,20,20,20,20,20,20,20,20,20,20,20,25,30,20,25,-,-,-,-,-,-,-,-,-,-,-,-,-,-,-,-,-,-,-,-,-,-,-,0,EX FB,80-83,80-83,OTT,Normal,20,20,25,20,25,50,75,65,45,50,55,60,-,-,-,-,20,30,-,-,-,80,-,80,55,65,50,55,35,55,60,55,55,50,Free agent,0,-,0,-,0,0,0,0,0,0,0,0,-,-,-,-,$87k,$87k,Easy,No,-,No,No,Aug. 8th   2042,High,Medium,International,None,,Major League Baseball,-,0,0,0,0,2041,-,Very Weak,Very Low
72099,CF,Israel Diaz,-,-,-,-,11/23/2023,18,6' 1',175 lbs,R,R,Unkn.,Unkn.,20,40,N,N,N,L,H,H,Unknown,Normal,-,-,-,-,-,-,-,25,20,25,20,30,30,20,25,25,20,30,30,20,25,25,20,30,30,45,45,45,45,65,45,50,20,Normal,Spray,Pull,20,20,20,20,20,20,20,20,20,20,20,20,20,20,20,20,35,30,20,35,-,-,-,-,-,-,-,-,-,-,-,-,-,-,-,-,-,-,-,-,-,-,-,0,FB,83-85,83-85,SIDE,Normal,20,20,20,20,20,30,35,45,25,60,60,70,-,-,-,-,-,-,25,30,25,50,-,40,-,-,-,70,50,65,35,35,40,35,Free agent,0,-,0,-,0,0,0,0,0,0,0,0,-,-,-,-,$70k,$70k,Very Easy,No,-,No,No,Jul. 12th   2042,High,Medium,International,None,,Major League Baseball,-,0,0,0,0,2040,-,Weak,Very Low
72068,RP,Juan Diaz,-,-,-,-,12/03/2023,18,6' 1',190 lbs,R,L,Unkn.,Unkn.,20,45,N,N,N,N,N,H,Unknown,Normal,-,-,-,-,-,-,-,20,20,20,20,20,20,20,20,20,20,20,20,20,20,20,20,20,20,30,25,30,30,30,25,50,20,Normal,Spray,Normal,20,25,20,40,20,25,30,25,45,25,20,25,20,40,20,60,45,50,45,50,40,80,-,-,-,30,75,-,-,-,-,-,-,-,-,-,-,-,-,-,-,-,-,2,NEU,92-94,96-98,SIDE,Normal,30,65,20,20,20,25,25,40,20,50,40,45,35,-,-,-,-,-,-,-,-,35,-,30,-,-,-,50,25,45,20,20,20,20,Free agent,0,-,0,-,0,0,0,0,0,0,0,0,-,-,-,-,$92k,$92k,Easy,No,-,No,No,Jul. 31st   2042,High,Extreme,International,None,,Major League Baseball,-,0,0,0,0,2040,-,Very Weak,Very Low
70586,RF,Joaquin Dominguez,-,-,-,-,03/02/2023,19,6' 1',190 lbs,L,L,Unkn.,Unkn.,20,45,N,N,H,N,N,N,Unknown,Durable,-,-,-,-,-,-,-,25,25,25,20,25,25,25,25,25,20,20,25,25,25,25,20,25,25,55,55,50,50,45,55,30,20,Normal,Normal,Normal,20,20,20,20,20,20,20,20,20,20,20,20,20,20,20,20,30,30,20,30,-,-,-,-,-,-,-,-,-,-,-,-,-,-,-,-,-,-,-,-,-,-,-,0,GB,88-90,88-90,3/4,GB'er,20,20,20,20,20,25,30,35,20,40,30,50,-,-,-,-,-,-,20,-,25,40,-,35,-,-,-,35,-,30,30,40,40,35,Free agent,0,-,0,-,0,0,0,0,0,0,0,0,-,-,-,-,$433k,$433k,Easy,No,-,No,No,Jul. 29th   2042,High,Medium,International,None,,Major League Baseball,-,0,0,0,0,2039,-,Very Weak,Very Low
72090,CF,Marco Escobar,-,-,-,-,05/16/2023,19,6' 2',180 lbs,L,R,Unkn.,Unkn.,20,40,H,L,N,N,N,N,Unknown,Normal,-,-,-,-,-,-,-,25,25,25,20,25,25,20,20,25,20,25,20,25,25,30,25,30,25,50,45,50,50,55,45,30,25,Normal,Spray,Pull,20,20,20,25,20,20,20,20,25,20,20,20,20,25,20,20,25,30,25,25,-,-,-,-,-,-,-,-,-,-,-,-,-,-,-,-,-,-,-,-,-,-,-,0,FB,85-87,85-87,3/4,Normal,20,20,25,25,25,30,25,45,25,55,35,55,-,-,-,-,-,-,25,25,25,35,-,30,-,-,-,60,35,50,45,50,50,50,Free agent,0,-,0,-,0,0,0,0,0,0,0,0,-,-,-,-,$92k,$92k,Easy,No,-,No,No,Aug. 20th   2042,High,Medium,International,None,,Major League Baseball,-,0,0,0,0,2040,-,Weak,Very Low
73437,CF,Alex Escobedo,-,-,-,-,11/24/2024,17,6' 2',180 lbs,L,L,Unkn.,Unkn.,20,50,N,H,H,N,N,N,Unknown,Normal,-,-,-,-,-,-,-,30,30,25,25,25,30,30,25,25,25,25,25,30,30,25,25,25,30,60,70,50,45,55,70,40,20,Normal,Normal,Pull,20,20,20,30,20,20,20,20,30,20,20,20,20,30,20,20,40,30,30,40,-,-,-,-,-,-,-,-,-,-,-,-,-,-,-,-,-,-,-,-,-,-,-,0,EX FB,89-91,91-93,3/4,Normal,20,20,20,20,20,30,45,55,20,55,60,50,-,-,25,-,-,-,25,30,25,65,-,50,-,-,-,65,40,55,50,45,50,40,Free agent,0,-,0,-,0,0,0,0,0,0,0,0,-,-,-,-,$87k,$87k,Easy,No,-,No,No,Aug. 16th   2042,Average,Medium,International,None,,Major League Baseball,-,0,0,0,0,2041,-,Very Weak,Very Low
74796,RF,David Esponda,-,-,-,-,04/27/2025,17,6' 3',200 lbs,R,L,Unkn.,Unkn.,20,80,N,N,N,N,N,N,Unknown,Normal,-,-,-,-,-,-,-,25,25,30,30,40,20,25,25,30,30,40,20,25,25,30,30,40,20,50,45,55,80,80,35,30,25,Flyball,Normal,Normal,20,20,20,20,20,20,20,20,20,20,20,20,20,20,20,20,20,30,20,20,-,-,-,-,-,-,-,-,-,-,-,-,-,-,-,-,-,-,-,-,-,-,-,0,EX FB,87-89,89-91,SIDE,Normal,20,20,20,20,20,30,25,45,20,40,40,50,-,-,-,-,-,-,25,-,25,40,-,35,-,-,-,40,-,35,50,40,35,35,Free agent,0,-,0,-,0,0,0,0,0,0,0,0,-,-,-,-,$813k,$813k,Very Easy,No,-,No,No,Aug. 24th   2042,Average,Medium,International,None,,Major League Baseball,-,0,0,0,0,2042,-,Very Weak,Very Low
74800,1B,Marco Esponesa,-,-,-,-,02/25/2026,16,6' 5',215 lbs,L,R,Unkn.,Unkn.,25,80,N,N,N,N,N,N,Unknown,Normal,-,-,-,-,-,-,-,30,30,25,30,35,25,30,25,25,30,35,25,30,30,25,30,35,25,70,65,55,80,80,55,30,20,Normal,Normal,Spray,20,20,20,25,20,20,20,20,25,20,20,20,20,25,20,20,30,25,25,30,-,-,-,-,-,-,-,-,-,-,-,-,-,-,-,-,-,-,-,-,-,-,-,0,NEU,88-90,90-92,3/4,Normal,20,20,20,20,20,35,35,35,35,30,35,25,-,-,35,-,-,-,-,-,-,55,-,50,20,-,-,-,-,-,30,30,30,30,Free agent,0,-,0,-,0,0,0,0,0,0,0,0,-,-,-,-,$1.4m,$1.4m,Very Easy,No,-,No,No,Jul. 25th   2042,High,Extreme,International,None,,Major League Baseball,-,0,0,0,0,2042,-,Average,Average
74724,CL,Bernie Estrada,-,-,-,-,05/14/2025,17,6' 1',180 lbs,R,R,Unkn.,Unkn.,30,80,N,N,H,N,N,N,Unknown,Normal,-,-,-,-,-,-,-,20,20,20,20,25,20,20,20,20,20,25,20,20,20,20,20,25,20,40,35,30,30,50,30,75,20,Normal,Normal,Spray,35,35,30,50,30,40,35,30,50,30,35,35,30,45,30,80,70,65,55,75,-,-,-,-,80,-,-,-,-,-,-,35,80,-,-,-,-,-,-,-,-,-,-,2,NEU,91-93,95-97,OTT,Normal,35,65,25,25,25,30,25,55,30,50,40,50,50,-,-,-,-,-,-,-,-,50,-,40,-,-,-,55,30,45,25,20,20,20,Free agent,0,-,0,-,0,0,0,0,0,0,0,0,-,-,-,-,$1.2m,$1.2m,Easy,No,-,No,No,Aug. 24th   2042,Average,Medium,International,None,,Major League Baseball,-,0,0,0,0,2042,-,Very Weak,Low
73478,1B,Omar Estrada,-,-,-,-,05/21/2024,18,6' 2',200 lbs,R,R,Unkn.,Unkn.,25,45,N,N,N,L,H,N,Unknown,Normal,-,-,-,-,-,-,-,25,25,20,25,25,25,25,25,20,25,25,25,25,25,20,25,25,25,40,45,50,65,50,45,30,25,Flyball,Spray,Normal,20,20,20,20,20,20,20,20,20,20,20,20,20,20,20,20,25,30,20,30,-,-,-,-,-,-,-,-,-,-,-,-,-,-,-,-,-,-,-,-,-,-,-,0,NEU,86-88,86-88,3/4,Normal,20,20,20,20,20,35,40,35,35,50,45,45,-,-,30,-,-,-,-,-,-,60,-,50,25,-,-,50,25,40,20,20,20,20,Free agent,0,-,0,-,0,0,0,0,0,0,0,0,-,-,-,-,$60k,$60k,Easy,No,-,No,No,Aug. 2nd   2042,High,Medium,International,None,,Major League Baseball,-,0,0,0,0,2041,-,Very Weak,Very Low
72001,RF,Danny Fernandez,-,-,-,-,03/12/2024,18,6' 4',190 lbs,R,R,Unkn.,Unkn.,20,50,N,N,N,N,N,L,Unknown,Durable,-,-,-,-,-,-,-,25,25,25,20,30,30,25,30,25,20,30,30,25,25,25,20,30,30,55,65,50,40,55,65,50,25,Normal,Spray,Normal,20,20,20,20,20,20,20,20,20,20,20,20,20,20,20,20,30,30,20,35,-,-,-,-,-,-,-,-,-,-,-,-,-,-,-,-,-,-,-,-,-,-,-,0,FB,84-86,84-86,3/4,Normal,20,20,30,25,25,30,35,30,30,50,35,55,-,-,25,-,-,-,25,-,30,50,-,45,-,-,-,50,25,45,30,35,35,30,Free agent,0,-,0,-,0,0,0,0,0,0,0,0,-,-,-,-,$87k,$87k,Easy,No,-,No,No,Aug. 13th   2042,High,Extreme,International,None,,Major League Baseball,-,0,0,0,0,2040,-,Weak,Very Low
72011,RF,Jesus Flores,-,-,-,-,02/26/2024,18,5' 11',170 lbs,L,L,Unkn.,Unkn.,20,45,N,H,N,N,N,N,Unknown,Normal,-,-,-,-,-,-,-,25,25,25,25,25,25,25,25,25,25,25,25,25,25,25,25,25,30,45,45,50,50,55,45,40,25,Normal,Pull,Normal,20,20,20,20,20,20,20,20,20,20,20,20,20,20,20,20,30,30,20,30,-,-,-,-,-,-,-,-,-,-,-,-,-,-,-,-,-,-,-,-,-,-,-,0,NEU,87-89,89-91,3/4,Normal,20,20,20,20,20,45,40,40,20,45,40,40,-,-,-,-,-,-,20,-,25,65,-,50,-,-,-,40,-,35,50,55,55,45,Free agent,0,-,0,-,0,0,0,0,0,0,0,0,-,-,-,-,$87k,$87k,Very Easy,No,-,No,No,Aug. 17th   2042,High,Medium,International,None,,Major League Baseball,-,0,0,0,0,2040,-,Very Weak,Very Low
74719,LF,Juan Flores,-,-,-,-,03/05/2026,16,6' 1',180 lbs,L,L,Unkn.,Unkn.,20,55,H,H,N,N,H,L,Unknown,Normal,-,-,-,-,-,-,-,25,25,25,20,25,30,25,25,25,20,25,30,25,30,25,20,25,30,60,75,50,50,45,80,25,20,Normal,Normal,Pull,20,20,20,20,20,20,20,20,20,20,20,20,20,20,20,20,30,30,20,30,-,-,-,-,-,-,-,-,-,-,-,-,-,-,-,-,-,-,-,-,-,-,-,0,FB,87-89,89-91,OTT,Normal,20,20,20,20,20,30,30,30,25,35,50,45,-,-,-,-,-,-,25,-,20,45,-,40,-,-,-,40,-,30,30,25,25,20,Free agent,0,-,0,-,0,0,0,0,0,0,0,0,-,-,-,-,$76k,$76k,Easy,No,-,No,No,Jul. 23rd   2042,Average,Extreme,International,None,,Major League Baseball,-,0,0,0,0,2042,-,Weak,Very Low
72079,CF,Jose Fuertes,-,-,-,-,02/22/2024,18,6' 2',175 lbs,R,R,Unkn.,Unkn.,20,45,N,N,N,N,N,N,Unknown,Normal,-,-,-,-,-,-,-,25,30,25,25,25,30,30,30,25,25,25,30,25,25,25,25,25,30,50,55,50,45,50,55,55,25,Normal,Normal,Pull,20,20,20,20,20,20,20,20,20,20,20,20,20,25,20,20,35,30,20,40,-,-,-,-,-,-,-,-,-,-,-,-,-,-,-,-,-,-,-,-,-,-,-,0,EX FB,88-90,90-92,3/4,Normal,20,20,20,20,20,40,25,30,30,50,55,55,-,-,-,-,-,-,25,30,25,45,-,45,-,-,-,55,30,50,40,55,65,50,Free agent,0,-,0,-,0,0,0,0,0,0,0,0,-,-,-,-,$195k,$195k,Very Easy,No,-,No,No,Jul. 3rd   2042,High,Medium,International,None,,Major League Baseball,-,0,0,0,0,2040,-,Weak,Very Low
73393,CF,Willie Gadelha,-,-,-,-,04/30/2024,18,6' 0',175 lbs,R,R,Unkn.,Unkn.,20,40,N,N,N,N,N,N,Unknown,Normal,-,-,-,-,-,-,-,25,25,30,20,30,25,25,25,30,20,30,25,25,25,30,20,30,25,45,45,50,55,70,45,30,25,Normal,Normal,Spray,20,20,20,20,20,20,20,20,20,20,20,20,20,20,20,20,30,30,20,35,-,-,-,-,-,-,-,-,-,-,-,-,-,-,-,-,-,-,-,-,-,-,-,0,NEU,80-83,80-83,3/4,Normal,20,20,20,25,20,40,25,30,25,50,50,35,-,-,-,-,-,-,25,25,25,50,-,45,-,-,-,50,30,40,45,40,35,40,Free agent,0,-,0,-,0,0,0,0,0,0,0,0,-,-,-,-,$87k,$87k,Easy,No,-,No,No,Aug. 15th   2042,Average,Medium,International,None,,Major League Baseball,-,0,0,0,0,2041,-,Very Weak,Very Low
74782,SS,Sal Gamez,-,-,-,-,09/18/2025,16,6' 2',185 lbs,R,R,Unkn.,Unkn.,20,80,N,N,H,L,H,N,Unknown,Normal,-,-,-,-,-,-,-,25,25,30,30,40,20,25,25,30,30,40,20,25,25,30,30,40,20,60,45,70,80,80,30,35,20,Line Drive,Spray,Normal,20,20,20,20,20,20,20,20,20,20,20,20,20,20,20,20,30,30,20,35,-,-,-,-,-,-,-,-,-,-,-,-,-,-,-,-,-,-,-,-,-,-,-,0,EX FB,87-89,87-89,3/4,Normal,20,20,25,25,30,50,55,45,45,40,40,50,-,-,-,-,-,25,-,-,-,80,-,70,45,40,35,35,-,35,40,30,25,35,Free agent,0,-,0,-,0,0,0,0,0,0,0,0,-,-,-,-,$758k,$758k,Easy,No,-,No,No,Aug. 23rd   2042,Average,Extreme,International,None,,Major League Baseball,-,0,0,0,0,2042,-,Weak,Very Low
74810,LF,Jose Godoy,-,-,-,-,01/15/2026,16,6' 1',180 lbs,R,L,Unkn.,Unkn.,20,80,N,N,N,H,N,N,Unknown,Normal,-,-,-,-,-,-,-,30,30,30,30,30,30,30,30,30,30,30,30,30,30,30,30,30,30,70,75,75,55,65,70,40,25,Normal,Normal,Pull,20,20,20,20,20,20,20,20,20,20,20,20,20,20,20,20,30,30,20,35,-,-,-,-,-,-,-,-,-,-,-,-,-,-,-,-,-,-,-,-,-,-,-,0,GB,86-88,86-88,OTT,GB'er,20,20,20,20,20,50,40,60,20,50,45,50,-,-,25,-,-,-,30,-,25,75,-,60,-,-,-,50,25,45,40,50,45,50,Free agent,0,-,0,-,0,0,0,0,0,0,0,0,-,-,-,-,$813k,$813k,Easy,No,-,No,No,Jul. 23rd   2042,Average,Extreme,International,None,,Major League Baseball,-,0,0,0,0,2042,-,Very Weak,Very Low
74809,1B,Jacopo Goggi,-,-,-,-,02/12/2026,16,6' 3',200 lbs,R,R,Unkn.,Unkn.,20,45,H,H,N,L,H,N,Unknown,Normal,-,-,-,-,-,-,-,20,20,25,30,25,25,20,20,25,30,25,25,20,20,25,30,25,25,45,45,50,65,50,50,40,30,Normal,Normal,Normal,20,20,20,20,20,20,20,20,20,20,20,20,20,20,20,20,30,30,20,35,-,-,-,-,-,-,-,-,-,-,-,-,-,-,-,-,-,-,-,-,-,-,-,0,NEU,88-90,88-90,3/4,Normal,20,20,25,30,25,35,35,35,35,45,45,40,-,-,30,-,-,-,-,-,-,50,-,45,-,-,-,45,-,35,35,30,30,20,Free agent,0,-,0,-,0,0,0,0,0,0,0,0,-,-,-,-,$70k,$70k,Easy,No,-,No,No,Aug. 2nd   2042,Average,Medium,International,None,,Major League Baseball,-,0,0,0,0,2042,-,Weak,Very Low
70643,2B,Angel Gomez,-,-,-,-,09/25/2022,19,6' 1',180 lbs,R,R,Unkn.,Unkn.,20,40,N,L,H,N,H,L,Unknown,Normal,-,-,-,-,-,-,-,25,25,25,20,25,30,25,25,25,20,25,30,25,25,25,20,25,30,50,55,50,40,50,65,55,25,Groundball,Normal,Normal,20,20,20,25,20,20,20,20,25,20,20,20,20,20,20,20,30,30,25,35,-,-,-,-,-,-,-,-,-,-,-,-,-,-,-,-,-,-,-,-,-,-,-,0,NEU,86-88,86-88,3/4,Normal,20,20,25,20,20,45,35,35,35,40,40,40,-,-,-,20,-,-,-,-,-,65,-,55,25,-,-,40,-,30,60,55,50,60,Free agent,0,-,0,-,0,0,0,0,0,0,0,0,-,-,-,-,$406k,$406k,Very Easy,No,-,No,No,Aug. 1st   2042,High,Extreme,International,None,,Major League Baseball,-,0,0,0,0,2039,-,Average,Very Low
73465,RP,Omar Gonzales,-,-,-,-,12/04/2024,17,6' 1',180 lbs,R,R,Unkn.,Unkn.,20,35,N,H,N,L,H,H,Unknown,Normal,-,-,-,-,-,-,-,25,25,20,20,20,20,30,25,20,20,25,20,25,25,20,20,20,20,55,45,25,30,35,30,65,20,Groundball,Spray,Normal,20,25,20,40,20,20,25,20,40,20,20,25,20,40,20,50,50,30,45,50,35,65,20,50,-,-,-,-,-,-,-,-,-,-,-,-,-,-,-,-,-,-,-,2,FB,90-92,94-96,3/4,Normal,35,50,20,20,20,25,35,30,20,40,40,45,40,-,-,-,-,-,-,-,-,40,-,35,-,-,-,40,-,35,25,25,20,20,Free agent,0,-,0,-,0,0,0,0,0,0,0,0,-,-,-,-,$76k,$76k,Easy,No,-,No,No,Aug. 10th   2042,Average,Medium,International,None,,Major League Baseball,-,0,0,0,0,2041,-,Very Weak,Very Low
73446,3B,Rich Granados,-,-,-,-,09/10/2024,17,6' 2',185 lbs,R,R,Unkn.,Unkn.,20,45,N,N,N,N,N,N,Unknown,Durable,-,-,-,-,-,-,-,25,25,25,30,25,30,25,25,25,30,25,30,25,25,25,30,25,30,45,45,45,60,55,50,50,25,Normal,Spray,Normal,20,20,20,20,20,20,20,20,20,20,20,20,20,20,20,20,30,30,20,35,-,-,-,-,-,-,-,-,-,-,-,-,-,-,-,-,-,-,-,-,-,-,-,0,NEU,88-90,90-92,3/4,Normal,20,20,20,20,20,55,35,55,30,30,30,50,-,-,-,-,30,-,-,-,-,75,-,65,35,40,30,-,-,-,60,35,30,40,Free agent,0,-,0,-,0,0,0,0,0,0,0,0,-,-,-,-,$211k,$211k,Easy,No,-,No,No,Aug. 15th   2042,Average,Medium,International,None,,Major League Baseball,-,0,0,0,0,2041,-,Weak,Very Low
70587,SP,Steve Gutierrez,-,-,-,-,11/19/2022,19,6' 1',180 lbs,L,R,Unkn.,Unkn.,20,45,L,N,N,N,N,N,Unknown,Fragile,-,-,-,-,-,-,-,20,20,20,20,20,20,20,20,20,20,20,20,20,20,20,20,20,20,25,25,25,20,30,25,40,25,Normal,Pull,Normal,20,25,25,40,20,20,25,25,40,20,20,25,25,40,20,45,50,50,45,50,-,-,25,55,50,30,50,-,-,-,-,25,45,-,-,-,-,-,-,-,-,-,-,4,NEU,88-90,89-91,OTT,Normal,50,45,20,20,20,25,30,35,25,40,40,45,40,-,-,-,-,-,-,-,-,40,-,35,-,-,-,40,-,35,25,20,20,25,Free agent,0,-,0,-,0,0,0,0,0,0,0,0,-,-,-,-,$81k,$81k,Very Easy,No,-,No,No,Jul. 24th   2042,High,Medium,International,None,,Major League Baseball,-,0,0,0,0,2039,-,Average,Very Low
72105,CF,Riccardo Hulscher,-,-,-,-,04/06/2024,18,6' 1',180 lbs,R,R,Unkn.,Unkn.,20,40,N,N,N,H,N,N,Unknown,Normal,-,-,-,-,-,-,-,25,20,25,25,25,25,20,25,25,25,25,25,20,25,25,25,25,25,40,45,45,65,60,45,40,25,Flyball,Pull,Pull,20,20,20,20,20,20,20,20,20,20,20,20,20,20,20,20,35,30,20,40,-,-,-,-,-,-,-,-,-,-,-,-,-,-,-,-,-,-,-,-,-,-,-,0,EX FB,85-87,85-87,3/4,Normal,20,20,20,20,20,35,35,25,30,55,35,45,-,-,-,-,-,-,20,25,20,50,-,45,-,-,-,55,35,45,65,45,30,30,Free agent,0,-,0,-,0,0,0,0,0,0,0,0,-,-,-,-,$704k,$704k,Easy,No,-,No,No,Aug. 14th   2042,High,Medium,International,None,,Major League Baseball,-,0,0,0,0,2040,-,Average,Very Low
74783,RP,Juan Iribe,-,-,-,-,11/11/2025,16,6' 1',175 lbs,R,R,Unkn.,Unkn.,20,45,N,L,H,H,N,N,Unknown,Normal,-,-,-,-,-,-,-,20,20,20,20,20,20,20,20,20,20,20,20,20,20,20,20,20,20,30,30,30,30,35,30,65,25,Flyball,Spray,Normal,25,20,30,40,20,25,20,30,40,20,25,20,30,40,20,55,45,70,45,45,40,65,-,-,-,-,-,25,50,-,-,25,50,-,-,-,-,-,-,-,-,-,-,3,NEU,91-93,95-97,3/4,Normal,35,40,20,20,20,30,30,55,25,40,35,45,45,-,-,-,-,-,-,-,-,45,-,35,-,-,-,40,-,30,25,20,20,20,Free agent,0,-,0,-,0,0,0,0,0,0,0,0,-,-,-,-,$108k,$108k,Very Easy,No,-,No,No,Aug. 15th   2042,Average,Medium,International,None,,Major League Baseball,-,0,0,0,0,2042,-,Weak,Very Low
73449,C,Tony Juarez,-,-,-,-,10/20/2024,17,6' 1',185 lbs,R,R,Unkn.,Unkn.,20,50,N,H,N,N,N,N,Unknown,Durable,-,-,-,-,-,-,-,20,25,25,25,25,20,25,25,25,25,25,25,25,20,25,25,25,20,55,50,45,45,50,50,55,25,Normal,Normal,Spray,20,20,20,20,20,20,20,20,20,20,20,20,20,20,20,20,30,30,20,30,-,-,-,-,-,-,-,-,-,-,-,-,-,-,-,-,-,-,-,-,-,-,-,0,NEU,87-89,87-89,3/4,Normal,20,20,35,60,55,30,25,35,25,50,45,35,-,30,-,-,-,-,20,20,20,35,45,35,-,-,-,50,30,40,30,20,20,20,Free agent,0,-,0,-,0,0,0,0,0,0,0,0,-,-,-,-,$81k,$81k,Very Easy,No,-,No,No,Aug. 22nd   2042,High,Medium,International,None,,Major League Baseball,-,0,0,0,0,2041,-,Weak,Very Low
74730,C,Vincente Keating,-,-,-,-,07/20/2025,17,6' 0',185 lbs,R,R,Unkn.,Unkn.,20,70,L,N,H,N,H,N,Unknown,Durable,-,-,-,-,-,-,-,25,20,25,20,25,25,20,25,25,20,30,25,20,25,25,20,25,25,50,55,50,65,55,65,45,25,Normal,Spray,Spray,20,20,20,25,20,20,20,20,25,20,20,20,20,20,20,20,30,30,25,30,-,-,-,-,-,-,-,-,-,-,-,-,-,-,-,-,-,-,-,-,-,-,-,0,NEU,84-86,84-86,SIDE,Normal,20,20,50,50,50,30,30,55,20,40,35,45,-,30,-,-,-,-,-,-,-,45,45,35,-,-,-,40,-,35,30,25,20,20,Free agent,0,-,0,-,0,0,0,0,0,0,0,0,-,-,-,-,$81k,$81k,Easy,No,-,No,No,Aug. 24th   2042,Average,Medium,International,None,,Major League Baseball,-,0,0,0,0,2042,-,Very Weak,Very Low
74761,3B,Frank Llorca,-,-,-,-,04/06/2025,17,6' 1',180 lbs,R,R,Unkn.,Unkn.,20,60,N,N,N,N,N,N,Unknown,Normal,-,-,-,-,-,-,-,30,25,25,30,20,35,25,30,25,30,20,35,25,30,25,30,20,35,50,70,50,65,45,80,60,25,Normal,Pull,Normal,20,20,20,20,20,20,20,20,20,20,20,20,20,20,20,20,30,30,20,35,-,-,-,-,-,-,-,-,-,-,-,-,-,-,-,-,-,-,-,-,-,-,-,0,EX FB,87-89,89-91,SIDE,Normal,20,20,20,20,20,60,50,55,35,50,50,50,-,-,-,-,30,20,-,-,-,80,-,65,50,45,40,55,30,50,25,20,25,35,Free agent,0,-,0,-,0,0,0,0,0,0,0,0,-,-,-,-,$190k,$190k,Easy,No,-,No,No,Aug. 25th   2042,Average,Medium,International,None,,Major League Baseball,-,0,0,0,0,2042,-,Very Weak,Very Low
74733,3B,Mario Lopez,-,-,-,-,06/18/2025,17,6' 1',175 lbs,L,R,Unkn.,Unkn.,20,70,N,N,N,N,N,N,Unknown,Normal,-,-,-,-,-,-,-,25,25,30,30,30,25,25,25,30,30,25,25,25,25,30,30,30,30,60,65,80,60,50,60,40,25,Line Drive,Spray,Normal,20,20,20,20,20,20,20,20,20,20,20,20,20,20,20,20,35,30,20,40,-,-,-,-,-,-,-,-,-,-,-,-,-,-,-,-,-,-,-,-,-,-,-,0,FB,86-88,86-88,3/4,Normal,20,20,25,20,20,50,40,65,40,60,40,50,-,-,30,25,30,20,-,-,25,75,-,65,40,45,35,65,45,55,40,50,50,65,Free agent,0,-,0,-,0,0,0,0,0,0,0,0,-,-,-,-,$704k,$704k,Very Easy,No,-,No,No,Jul. 23rd   2042,Average,Medium,International,None,,Major League Baseball,-,0,0,0,0,2042,-,Weak,Very Low
74748,1B,Al Lupercio,-,-,-,-,01/27/2026,16,6' 2',185 lbs,R,R,Unkn.,Unkn.,20,60,N,N,H,H,H,H,Unknown,Normal,-,-,-,-,-,-,-,20,20,25,30,20,20,25,20,25,30,20,20,20,20,25,25,20,20,55,60,50,65,50,65,40,20,Normal,Pull,Normal,20,20,20,35,20,20,20,20,35,20,20,20,20,30,20,20,40,30,35,40,-,-,-,-,-,-,-,-,-,-,-,-,-,-,-,-,-,-,-,-,-,-,-,0,EX FB,87-89,89-91,3/4,Normal,20,20,20,20,20,35,35,35,35,35,35,30,-,-,30,-,-,-,-,-,-,55,-,45,-,-,-,30,-,-,35,50,45,55,Free agent,0,-,0,-,0,0,0,0,0,0,0,0,-,-,-,-,$758k,$758k,Very Easy,No,-,No,No,Jul. 24th   2042,Average,Medium,International,None,,Major League Baseball,-,0,0,0,0,2042,-,Weak,Very Low
74760,C,Mario Macias,-,-,-,-,10/16/2025,16,5' 11',180 lbs,R,R,Unkn.,Unkn.,20,40,L,N,N,L,H,N,Unknown,Normal,-,-,-,-,-,-,-,20,25,25,20,20,20,25,20,25,20,20,20,25,20,25,20,20,20,45,45,50,40,55,45,55,20,Normal,Normal,Spray,20,20,20,30,20,20,20,20,30,20,20,20,20,30,20,20,35,30,30,35,-,-,-,-,-,-,-,-,-,-,-,-,-,-,-,-,-,-,-,-,-,-,-,0,EX FB,85-87,85-87,OTT,Normal,20,20,35,55,60,30,30,55,30,40,45,55,-,30,-,-,-,-,20,-,20,45,45,35,-,-,-,40,-,35,25,20,20,25,Free agent,0,-,0,-,0,0,0,0,0,0,0,0,-,-,-,-,$130k,$130k,Easy,No,-,No,No,Jul. 28th   2042,Average,Low,International,None,,Major League Baseball,-,0,0,0,0,2042,-,Very Weak,Very Low
73429,3B,Ezio Magaglio,-,-,-,-,02/25/2025,17,6' 0',175 lbs,R,R,Unkn.,Unkn.,20,50,N,N,N,N,N,N,Unknown,Normal,-,-,-,-,-,-,-,25,20,30,20,25,30,20,25,30,20,30,30,20,25,30,20,25,30,50,55,50,55,65,55,40,25,Normal,Normal,Normal,20,20,20,20,20,20,20,20,20,20,20,20,20,20,20,20,25,30,20,30,-,-,-,-,-,-,-,-,-,-,-,-,-,-,-,-,-,-,-,-,-,-,-,0,NEU,88-90,90-92,3/4,Normal,20,20,20,20,20,50,35,45,45,35,35,45,-,-,-,-,25,-,-,-,-,70,-,55,35,30,25,30,-,25,30,35,40,35,Free agent,0,-,0,-,0,0,0,0,0,0,0,0,-,-,-,-,$92k,$92k,Easy,No,-,No,No,Jul. 23rd   2042,High,Medium,International,None,,Major League Baseball,-,0,0,0,0,2041,-,Very Weak,Very Low
73441,CF,Bobby Maldonado,-,-,-,-,03/30/2025,17,6' 1',180 lbs,L,L,Unkn.,Unkn.,20,50,N,N,L,N,L,L,Unknown,Normal,-,-,-,-,-,-,-,25,30,20,30,30,20,30,25,20,30,30,20,30,25,20,30,30,20,65,45,50,80,70,30,40,25,Normal,Normal,Normal,20,20,20,20,20,20,20,20,20,20,20,20,20,25,20,20,30,30,20,35,-,-,-,-,-,-,-,-,-,-,-,-,-,-,-,-,-,-,-,-,-,-,-,0,EX FB,85-87,85-87,3/4,Normal,20,20,25,25,25,25,25,40,20,45,45,35,-,-,-,-,-,-,25,20,-,35,-,30,-,-,-,45,20,35,35,25,20,20,Free agent,0,-,0,-,0,0,0,0,0,0,0,0,-,-,-,-,$211k,$211k,Very Easy,No,-,No,No,Aug. 20th   2042,High,Medium,International,None,,Major League Baseball,-,0,0,0,0,2041,-,Weak,Very Low
74770,CF,Luis Mares,-,-,-,-,10/07/2025,16,5' 9',155 lbs,R,R,Unkn.,Unkn.,20,40,H,N,N,N,N,N,Unknown,Durable,-,-,-,-,-,-,-,25,25,30,25,20,25,25,25,30,20,20,25,25,25,30,25,20,25,55,55,60,45,35,60,45,20,Normal,Normal,Normal,20,20,20,30,20,20,20,20,30,20,20,20,20,30,20,20,30,30,30,30,-,-,-,-,-,-,-,-,-,-,-,-,-,-,-,-,-,-,-,-,-,-,-,0,FB,87-89,87-89,OTT,Normal,20,20,25,25,20,30,25,25,25,55,55,35,-,-,-,-,-,-,25,25,20,35,-,30,-,-,-,55,35,45,55,45,40,45,Free agent,0,-,0,-,0,0,0,0,0,0,0,0,-,-,-,-,$81k,$81k,Easy,No,-,No,No,Aug. 9th   2042,Average,Medium,International,None,,Major League Baseball,-,0,0,0,0,2042,-,Very Weak,Very Low
74780,C,Akira Matsushima,-,-,-,-,07/09/2025,17,6' 4',190 lbs,R,R,Unkn.,Unkn.,25,75,N,N,N,N,N,N,Unknown,Normal,-,-,-,-,-,-,-,25,30,30,25,25,25,30,25,30,25,25,25,30,25,30,25,25,25,70,75,50,50,50,65,45,20,Normal,Pull,Normal,20,20,20,25,20,20,20,20,25,20,20,20,20,25,20,20,30,30,25,35,-,-,-,-,-,-,-,-,-,-,-,-,-,-,-,-,-,-,-,-,-,-,-,0,GB,85-87,85-87,3/4,GB'er,20,20,65,60,50,45,30,55,30,55,50,60,-,35,-,-,-,-,-,-,-,65,55,55,-,25,-,60,35,55,25,25,30,20,Free agent,0,-,0,-,0,0,0,0,0,0,0,0,-,-,-,-,$1.3m,$1.3m,Very Easy,No,-,No,No,Jul. 23rd   2042,Average,Medium,International,None,,Major League Baseball,-,0,0,0,0,2042,-,Weak,Very Low
74754,SS,Tony Medel,-,-,-,-,08/27/2025,16,5' 11',165 lbs,S,R,Unkn.,Unkn.,20,75,H,N,N,N,N,N,Unknown,Normal,-,-,-,-,-,-,-,30,25,30,25,25,30,30,30,30,30,25,30,25,30,30,25,25,30,60,70,60,65,50,80,35,25,Normal,Normal,Normal,20,20,25,30,20,20,20,25,30,20,20,20,25,30,20,20,35,30,30,40,-,-,-,-,-,-,-,-,-,-,-,-,-,-,-,-,-,-,-,-,-,-,-,0,FB,83-85,83-85,3/4,Normal,20,20,20,20,20,60,50,55,55,35,35,45,-,-,-,-,-,30,-,-,-,80,-,65,55,55,50,35,-,30,45,35,40,30,Free agent,0,-,0,-,0,0,0,0,0,0,0,0,-,-,-,-,$867k,$867k,Very Easy,No,-,No,No,Jul. 23rd   2042,Average,Medium,International,None,,Major League Baseball,-,0,0,0,0,2042,-,Very Weak,Very Low
74737,3B,David Medina,-,-,-,-,01/26/2026,16,6' 1',175 lbs,R,R,Unkn.,Unkn.,20,50,H,N,N,N,N,N,Unknown,Normal,-,-,-,-,-,-,-,25,20,25,20,30,30,20,25,25,20,30,30,20,20,25,20,30,25,50,60,50,45,50,70,55,25,Groundball,Normal,Normal,20,20,30,20,20,20,20,30,20,20,20,20,30,20,20,20,25,35,20,30,-,-,-,-,-,-,-,-,-,-,-,-,-,-,-,-,-,-,-,-,-,-,-,0,NEU,85-87,85-87,3/4,Normal,20,20,25,25,30,55,70,55,60,45,45,45,-,-,-,25,35,30,-,-,-,80,-,70,60,60,50,40,-,35,35,40,30,40,Free agent,0,-,0,-,0,0,0,0,0,0,0,0,-,-,-,-,$596k,$596k,Easy,No,-,No,No,Aug. 23rd   2042,Average,Extreme,International,None,,Major League Baseball,-,0,0,0,0,2042,-,Very Weak,Very Low
73447,2B,Eddie Medrano,-,-,-,-,03/28/2025,17,6' 0',175 lbs,R,R,Unkn.,Unkn.,20,40,N,N,N,H,N,N,Unknown,Normal,-,-,-,-,-,-,-,25,25,20,25,20,30,25,25,20,25,20,30,25,25,20,25,20,30,50,60,50,45,45,65,55,20,Normal,Spray,Normal,20,20,20,20,20,20,20,20,20,20,20,20,20,20,20,20,30,30,20,35,-,-,-,-,-,-,-,-,-,-,-,-,-,-,-,-,-,-,-,-,-,-,-,0,GB,83-85,83-85,3/4,GB'er,20,20,20,20,20,40,40,40,40,35,40,35,-,-,-,25,-,-,-,-,-,65,-,55,30,30,-,35,-,25,35,30,25,30,Free agent,0,-,0,-,0,0,0,0,0,0,0,0,-,-,-,-,$244k,$244k,Very Easy,No,-,No,No,Jul. 30th   2042,High,Medium,International,None,,Major League Baseball,-,0,0,0,0,2041,-,Very Weak,Very Low
72107,RF,Leo Melendez,-,-,-,-,08/18/2023,19,6' 1',175 lbs,L,L,Unkn.,Unkn.,20,45,H,N,N,L,H,N,Unknown,Normal,-,-,-,-,-,-,-,25,25,25,20,25,30,25,25,25,20,25,30,25,25,25,20,25,30,50,65,55,35,45,80,55,20,Groundball,Pull,Pull,20,20,20,30,20,20,20,20,30,20,20,20,20,30,20,20,30,30,30,35,-,-,-,-,-,-,-,-,-,-,-,-,-,-,-,-,-,-,-,-,-,-,-,0,NEU,88-90,90-92,3/4,Normal,20,20,25,20,20,50,40,50,20,45,35,50,-,-,25,-,-,-,25,-,30,70,-,60,-,-,-,50,25,40,35,35,40,40,Free agent,0,-,0,-,0,0,0,0,0,0,0,0,-,-,-,-,$260k,$260k,Very Easy,No,-,No,No,Aug. 22nd   2042,High,Medium,International,None,,Major League Baseball,-,0,0,0,0,2040,-,Weak,Very Low
74773,LF,Mike Melendez,-,-,-,-,01/11/2026,16,6' 1',180 lbs,R,R,Unkn.,Unkn.,20,50,N,N,N,N,N,N,Unknown,Normal,-,-,-,-,-,-,-,20,20,30,25,30,20,20,20,30,30,30,20,20,20,30,25,30,20,55,45,80,70,75,35,45,20,Line Drive,Normal,Pull,20,20,20,20,20,20,20,20,20,20,20,20,20,20,20,20,25,30,20,25,-,-,-,-,-,-,-,-,-,-,-,-,-,-,-,-,-,-,-,-,-,-,-,0,NEU,85-87,85-87,3/4,Normal,20,20,20,20,20,25,25,30,20,35,55,35,-,-,-,-,-,-,25,-,20,25,-,25,-,-,-,35,-,25,55,45,55,35,Free agent,0,-,0,-,0,0,0,0,0,0,0,0,-,-,-,-,$87k,$87k,Easy,No,-,No,No,Aug. 5th   2042,Average,Medium,International,None,,Major League Baseball,-,0,0,0,0,2042,-,Very Weak,Very Low
72026,C,Jose Mendez,-,-,-,-,07/01/2023,19,6' 1',190 lbs,S,R,Unkn.,Unkn.,20,45,N,H,N,N,H,N,Unknown,Normal,-,-,-,-,-,-,-,20,20,25,25,25,20,20,20,25,30,25,20,20,20,25,25,20,20,45,40,50,55,45,40,25,25,Normal,Normal,Normal,20,20,20,30,20,20,20,20,30,20,20,20,20,30,20,20,35,30,30,35,-,-,-,-,-,-,-,-,-,-,-,-,-,-,-,-,-,-,-,-,-,-,-,0,FB,84-86,84-86,3/4,Normal,20,20,45,45,60,30,35,40,25,35,55,55,-,30,-,-,-,-,-,-,-,45,45,40,-,-,-,40,-,35,30,20,20,20,Free agent,0,-,0,-,0,0,0,0,0,0,0,0,-,-,-,-,$76k,$76k,Easy,No,-,No,No,Aug. 16th   2042,High,Extreme,International,None,,Major League Baseball,-,0,0,0,0,2040,-,Very Weak,Very Low
74742,SS,Mike Mendoza,-,-,-,-,12/16/2025,16,6' 1',175 lbs,R,R,Unkn.,Unkn.,20,40,L,N,N,N,N,N,Unknown,Normal,-,-,-,-,-,-,-,25,25,25,20,25,30,25,25,25,20,25,30,25,25,25,20,25,30,50,45,45,50,55,45,40,20,Normal,Normal,Normal,20,20,20,20,25,20,20,20,20,25,20,20,20,20,25,20,35,30,20,40,-,-,-,-,-,-,-,-,-,-,-,-,-,-,-,-,-,-,-,-,-,-,-,0,NEU,89-91,91-93,3/4,Normal,20,20,25,20,20,60,35,65,35,35,40,35,-,-,-,-,25,25,-,-,-,80,-,60,45,45,40,30,-,20,50,40,35,40,Free agent,0,-,0,-,0,0,0,0,0,0,0,0,-,-,-,-,$92k,$92k,Easy,No,-,No,No,Jul. 30th   2042,Average,Extreme,International,None,,Major League Baseball,-,0,0,0,0,2042,-,Weak,Very Low
74776,SS,Danny Meraz,-,-,-,-,04/27/2025,17,6' 4',185 lbs,S,R,Unkn.,Unkn.,20,55,N,N,N,N,N,N,Unknown,Durable,-,-,-,-,-,-,-,25,25,35,25,25,30,25,25,35,25,25,30,25,25,35,25,25,30,50,55,80,60,50,70,40,25,Line Drive,Normal,Spray,20,20,20,25,20,20,20,20,25,20,20,20,20,20,20,20,30,30,25,30,-,-,-,-,-,-,-,-,-,-,-,-,-,-,-,-,-,-,-,-,-,-,-,0,NEU,88-90,90-92,3/4,Normal,20,20,20,25,20,50,50,65,50,50,50,60,-,-,-,-,-,30,-,-,-,80,-,75,50,50,40,55,30,50,60,45,55,55,Free agent,0,-,0,-,0,0,0,0,0,0,0,0,-,-,-,-,$406k,$406k,Easy,No,-,No,No,Aug. 22nd   2042,Average,High,International,None,,Major League Baseball,-,0,0,0,0,2042,-,Very Weak,Very Low
74743,SS,Elias Meraz,-,-,-,-,04/23/2026,16,6' 2',170 lbs,R,R,Unkn.,Unkn.,20,60,L,L,N,N,L,H,Unknown,Durable,-,-,-,-,-,-,-,25,30,30,20,25,25,30,25,30,20,25,25,30,25,30,20,25,25,60,70,65,50,70,75,50,25,Normal,Spray,Spray,20,20,20,20,25,20,20,20,20,25,20,20,20,20,25,20,35,30,20,40,-,-,-,-,-,-,-,-,-,-,-,-,-,-,-,-,-,-,-,-,-,-,-,0,NEU,85-87,85-87,3/4,Normal,20,20,20,20,20,55,50,55,50,50,35,45,-,-,-,20,-,30,-,-,-,80,-,70,50,45,40,50,25,40,55,45,45,40,Free agent,0,-,0,-,0,0,0,0,0,0,0,0,-,-,-,-,$433k,$433k,Very Easy,No,-,No,No,Jul. 22nd   2042,Average,Medium,International,None,,Major League Baseball,-,0,0,0,0,2042,-,Weak,Very Low
73450,RP,Jon Mercado,-,-,-,-,09/23/2024,17,6' 0',170 lbs,R,R,Unkn.,Unkn.,20,45,N,H,N,N,N,N,Unknown,Normal,-,-,-,-,-,-,-,20,20,20,20,20,20,20,20,20,20,20,20,20,20,20,20,20,20,25,25,30,30,25,30,75,20,Normal,Spray,Spray,35,25,20,45,20,35,25,20,45,20,35,25,20,45,20,80,45,30,50,45,45,80,-,-,-,30,80,-,-,-,-,-,-,-,-,-,-,-,-,-,-,-,-,2,FB,92-94,97-99,3/4,Normal,30,35,25,20,20,45,30,30,25,35,35,35,55,-,-,-,-,-,-,-,-,55,-,50,-,-,-,30,-,20,30,20,20,20,Free agent,0,-,0,-,0,0,0,0,0,0,0,0,-,-,-,-,$81k,$81k,Very Easy,No,-,No,No,Jul. 25th   2042,High,Medium,International,None,,Major League Baseball,-,0,0,0,0,2041,-,Weak,Very Low
74768,SS,Jorge Mercado,-,-,-,-,10/02/2025,16,6' 2',180 lbs,R,R,Unkn.,Unkn.,20,50,N,N,H,N,N,N,Unknown,Normal,-,-,-,-,-,-,-,25,30,25,25,25,30,30,25,25,25,25,30,25,25,25,25,25,30,55,60,50,55,45,60,65,55,Normal,Pull,Normal,20,20,20,25,20,20,20,20,25,20,20,20,20,25,20,20,35,30,25,35,-,-,-,-,-,-,-,-,-,-,-,-,-,-,-,-,-,-,-,-,-,-,-,0,EX FB,85-87,85-87,3/4,Normal,20,20,20,20,25,60,50,45,60,50,35,55,-,-,-,-,25,30,-,-,-,80,-,70,60,45,45,50,25,45,55,45,40,25,Free agent,0,-,0,-,0,0,0,0,0,0,0,0,-,-,-,-,$217k,$217k,Very Easy,No,-,No,No,Aug. 21st   2042,Average,Medium,International,None,,Major League Baseball,-,0,0,0,0,2042,-,Very Weak,Very Low
74729,1B,Esteban Monterroso,-,-,-,-,03/31/2026,16,6' 2',200 lbs,R,R,Unkn.,Unkn.,25,65,N,N,N,N,H,L,Unknown,Normal,-,-,-,-,-,-,-,30,30,25,30,30,30,30,30,25,30,30,30,30,25,25,30,30,30,60,65,45,65,50,60,25,20,Normal,Pull,Spray,20,20,20,30,20,20,20,20,30,20,20,20,20,30,20,20,40,30,30,40,-,-,-,-,-,-,-,-,-,-,-,-,-,-,-,-,-,-,-,-,-,-,-,0,EX FB,87-89,87-89,3/4,Normal,20,20,20,20,20,25,35,30,35,50,50,30,-,-,25,-,-,-,-,-,-,45,-,35,-,-,-,50,30,35,20,25,20,20,Free agent,0,-,0,-,0,0,0,0,0,0,0,0,-,-,-,-,$515k,$515k,Easy,No,-,No,No,Aug. 2nd   2042,Average,Medium,International,None,,Major League Baseball,-,0,0,0,0,2042,-,Weak,Very Low
74725,2B,Ricky Morales,-,-,-,-,09/30/2025,16,5' 10',160 lbs,S,R,Unkn.,Unkn.,20,80,N,N,L,H,L,L,Unknown,Normal,-,-,-,-,-,-,-,30,30,30,25,30,30,30,30,30,25,30,30,30,30,30,25,30,30,80,80,60,45,50,80,50,20,Line Drive,Spray,Normal,20,20,20,20,20,20,20,20,20,20,20,20,20,20,20,20,35,30,20,40,-,-,-,-,-,-,-,-,-,-,-,-,-,-,-,-,-,-,-,-,-,-,-,0,FB,88-90,90-92,OTT,Normal,20,20,20,25,20,60,55,35,50,35,45,30,-,-,-,35,20,25,-,-,-,80,-,60,55,35,40,25,-,-,45,45,50,45,Free agent,0,-,0,-,0,0,0,0,0,0,0,0,-,-,-,-,$758k,$758k,Easy,No,-,No,No,Aug. 22nd   2042,Average,Extreme,International,None,,Major League Baseball,-,0,0,0,0,2042,-,Very Weak,Very Low
72023,3B,Tony Morales,-,-,-,-,04/23/2023,19,5' 10',170 lbs,R,R,Unkn.,Unkn.,20,45,N,N,N,N,N,H,Unknown,Normal,-,-,-,-,-,-,-,25,25,25,25,30,30,25,25,25,25,30,30,25,25,25,25,30,30,55,65,50,50,45,65,75,25,Normal,Pull,Normal,20,20,20,25,20,20,20,20,25,20,20,20,20,25,20,20,30,30,25,30,-,-,-,-,-,-,-,-,-,-,-,-,-,-,-,-,-,-,-,-,-,-,-,0,GB,80-83,80-83,SIDE,GB'er,20,20,25,25,20,40,50,45,35,45,30,55,-,-,-,20,25,-,-,-,-,75,-,55,35,35,20,45,-,35,40,50,50,55,Free agent,0,-,0,-,0,0,0,0,0,0,0,0,-,-,-,-,$81k,$81k,Very Easy,No,-,No,No,Jul. 6th   2042,High,Medium,International,None,,Major League Baseball,-,0,0,0,0,2040,-,Average,Very Low
74734,RP,Alex Mosqueda,-,-,-,-,09/22/2025,16,5' 10',165 lbs,R,R,Unkn.,Unkn.,20,50,N,N,N,N,N,N,Unknown,Normal,-,-,-,-,-,-,-,20,20,20,25,20,20,20,20,20,25,20,20,20,20,20,25,20,20,25,25,30,40,30,30,55,25,Flyball,Normal,Pull,20,20,35,40,20,20,20,35,35,20,20,20,35,45,20,50,50,80,45,50,30,50,-,-,-,25,55,-,-,-,-,-,-,-,-,-,-,-,-,-,-,-,-,2,NEU,89-91,92-94,SIDE,Normal,25,30,25,30,25,40,30,60,30,40,40,50,60,-,-,-,-,-,-,-,-,60,-,45,-,30,-,40,-,35,30,30,30,35,Free agent,0,-,0,-,0,0,0,0,0,0,0,0,-,-,-,-,$81k,$81k,Easy,No,-,No,No,Jul. 27th   2042,Average,Medium,International,None,,Major League Baseball,-,0,0,0,0,2042,-,Weak,Very Low
72049,RF,Raul Nunez,-,-,-,-,05/08/2023,19,5' 10',170 lbs,L,L,Unkn.,Unkn.,20,40,N,N,L,N,N,L,Unknown,Normal,-,-,-,-,-,-,-,25,25,25,25,20,25,20,25,25,20,20,25,25,25,25,25,20,30,50,55,45,40,45,60,45,20,Groundball,Normal,Spray,20,20,20,25,20,20,20,20,25,20,20,20,20,25,20,20,30,30,25,35,-,-,-,-,-,-,-,-,-,-,-,-,-,-,-,-,-,-,-,-,-,-,-,0,GB,88-90,88-90,OTT,GB'er,20,20,20,20,25,30,30,30,20,40,35,70,-,-,-,-,-,-,25,-,30,40,-,30,-,-,-,45,-,45,40,45,50,45,Free agent,0,-,0,-,0,0,0,0,0,0,0,0,-,-,-,-,$98k,$98k,Very Easy,No,-,No,No,Aug. 21st   2042,High,Medium,International,None,,Major League Baseball,-,0,0,0,0,2040,-,Average,Very Low
74746,CF,Willie Olvera,-,-,-,-,05/16/2025,17,6' 0',170 lbs,R,R,Unkn.,Unkn.,20,80,N,N,N,N,N,H,Unknown,Normal,-,-,-,-,-,-,-,30,30,30,30,35,30,30,30,30,30,35,30,30,30,30,30,35,30,70,75,80,70,80,75,50,20,Line Drive,Pull,Pull,20,20,25,25,20,20,20,25,25,20,20,20,25,25,20,20,35,30,25,40,-,-,-,-,-,-,-,-,-,-,-,-,-,-,-,-,-,-,-,-,-,-,-,0,FB,89-91,91-93,3/4,Normal,20,20,25,30,30,30,30,35,25,55,50,55,-,-,-,-,-,-,25,30,25,45,-,35,-,-,-,65,40,55,50,45,35,40,Free agent,0,-,0,-,0,0,0,0,0,0,0,0,-,-,-,-,$1.4m,$1.4m,Easy,No,-,No,No,Aug. 25th   2042,Average,Medium,International,None,,Major League Baseball,-,0,0,0,0,2042,-,Weak,Very Low
73445,1B,Edgar Orozco,-,-,-,-,02/08/2025,17,6' 4',205 lbs,R,R,Unkn.,Unkn.,25,50,L,N,N,N,N,N,Unknown,Normal,-,-,-,-,-,-,-,30,25,30,25,25,30,25,30,30,25,25,30,25,30,30,25,25,30,50,65,50,50,40,80,55,20,Normal,Pull,Spray,20,20,20,20,20,20,20,20,20,20,20,20,20,20,20,20,30,30,20,35,-,-,-,-,-,-,-,-,-,-,-,-,-,-,-,-,-,-,-,-,-,-,-,0,FB,85-87,85-87,SIDE,Normal,20,20,20,20,20,35,35,35,35,40,45,35,-,-,30,-,-,-,-,-,-,55,-,50,-,-,-,40,-,30,30,25,20,25,Free agent,0,-,0,-,0,0,0,0,0,0,0,0,-,-,-,-,$542k,$542k,Very Easy,No,-,No,No,Jul. 11th   2042,High,Medium,International,None,,Major League Baseball,-,0,0,0,0,2041,-,Weak,Very Low
74767,2B,Giovanny Orozco,-,-,-,-,11/19/2025,16,5' 11',165 lbs,R,R,Unkn.,Unkn.,20,80,N,N,H,L,N,N,Unknown,Normal,-,-,-,-,-,-,-,25,25,35,30,40,20,25,25,35,30,40,20,25,25,35,30,40,20,60,50,80,80,80,45,45,20,Line Drive,Ex. Pull,Normal,20,20,20,20,20,20,20,20,20,20,20,20,20,20,20,20,30,30,20,35,-,-,-,-,-,-,-,-,-,-,-,-,-,-,-,-,-,-,-,-,-,-,-,0,FB,88-90,88-90,SIDE,Normal,20,20,20,20,20,50,55,35,50,45,50,50,-,-,-,30,20,-,-,-,-,80,-,60,50,30,35,50,-,40,65,55,50,40,Free agent,0,-,0,-,0,0,0,0,0,0,0,0,-,-,-,-,$975k,$975k,Very Easy,No,-,No,No,Jul. 22nd   2042,Average,Medium,International,None,,Major League Baseball,-,0,0,0,0,2042,-,Weak,Average
74769,C,Alexis Ortega,-,-,-,-,11/28/2025,16,6' 0',180 lbs,R,R,Unkn.,Unkn.,25,70,N,N,H,N,N,N,Unknown,Normal,-,-,-,-,-,-,-,25,25,30,30,30,25,25,25,30,30,30,25,25,25,30,30,30,25,55,55,70,65,50,55,45,25,Line Drive,Normal,Normal,20,20,20,25,20,20,20,20,25,20,20,20,20,25,20,20,30,30,25,30,-,-,-,-,-,-,-,-,-,-,-,-,-,-,-,-,-,-,-,-,-,-,-,0,NEU,89-91,91-93,3/4,Normal,20,20,55,60,60,30,20,60,20,50,40,50,-,35,-,-,-,-,-,-,-,40,55,30,-,-,-,50,30,45,25,30,35,25,Free agent,0,-,0,-,0,0,0,0,0,0,0,0,-,-,-,-,$867k,$867k,Easy,No,-,No,No,Jul. 24th   2042,Average,Medium,International,None,,Major League Baseball,-,0,0,0,0,2042,-,Weak,Very Low
74727,CF,David Ortega,-,-,-,-,05/20/2025,17,6' 2',175 lbs,S,R,Unkn.,Unkn.,20,40,N,N,N,N,N,H,Unknown,Normal,-,-,-,-,-,-,-,20,25,25,25,25,20,25,20,25,25,25,20,25,20,25,25,25,20,45,45,45,50,50,45,55,25,Flyball,Normal,Normal,20,20,20,30,20,20,20,20,30,20,20,20,20,30,20,20,35,30,30,35,-,-,-,-,-,-,-,-,-,-,-,-,-,-,-,-,-,-,-,-,-,-,-,0,EX FB,86-88,86-88,SIDE,Normal,20,20,20,25,25,30,25,50,25,60,35,50,-,-,20,-,-,-,30,30,25,40,-,35,-,-,-,60,40,55,55,55,65,60,Free agent,0,-,0,-,0,0,0,0,0,0,0,0,-,-,-,-,$81k,$81k,Easy,No,-,No,No,Jul. 17th   2042,Average,Medium,International,None,,Major League Baseball,-,0,0,0,0,2042,-,Average,Very Low
74749,CF,Arturo Ortiz,-,-,-,-,04/04/2026,16,6' 1',175 lbs,R,R,Unkn.,Unkn.,20,50,N,N,L,N,N,L,Unknown,Normal,-,-,-,-,-,-,-,20,20,30,25,25,25,20,20,30,30,25,25,20,20,30,25,25,25,50,55,80,65,50,55,45,20,Normal,Normal,Normal,20,20,20,20,20,20,20,20,20,20,20,20,20,20,20,20,30,30,20,30,-,-,-,-,-,-,-,-,-,-,-,-,-,-,-,-,-,-,-,-,-,-,-,0,NEU,89-91,89-91,SIDE,Normal,20,20,25,20,25,50,50,35,40,50,60,50,-,-,-,-,-,-,20,25,20,75,-,65,40,25,30,55,35,50,60,45,45,40,Free agent,0,-,0,-,0,0,0,0,0,0,0,0,-,-,-,-,$190k,$190k,Easy,No,-,No,No,Jul. 27th   2042,Average,Medium,International,None,,Major League Baseball,-,0,0,0,0,2042,-,Average,Very Low
74803,LF,Danny Ortiz,-,-,-,-,09/14/2025,16,6' 5',195 lbs,L,R,Unkn.,Unkn.,20,80,N,N,L,N,L,L,Unknown,Normal,-,-,-,-,-,-,-,30,35,25,25,20,30,35,30,25,25,20,30,35,30,25,25,20,30,80,80,50,40,55,75,30,25,Line Drive,Pull,Pull,20,20,20,25,20,20,20,20,25,20,20,20,20,25,20,20,25,30,25,20,-,-,-,-,-,-,-,-,-,-,-,-,-,-,-,-,-,-,-,-,-,-,-,0,EX FB,83-85,83-85,3/4,Normal,20,20,20,25,20,40,45,30,35,45,45,45,-,-,-,-,-,-,30,-,20,65,-,65,30,-,-,40,-,35,30,20,20,20,Free agent,0,-,0,-,0,0,0,0,0,0,0,0,-,-,-,-,$542k,$542k,Easy,No,-,No,No,Aug. 22nd   2042,Average,Medium,International,None,,Major League Baseball,-,0,0,0,0,2042,-,Very Weak,Very Low
74781,CF,Omar Ortiz,-,-,-,-,12/25/2025,16,6' 3',190 lbs,L,L,Unkn.,Unkn.,20,50,N,N,N,N,N,N,Unknown,Normal,-,-,-,-,-,-,-,25,25,30,30,30,20,25,25,30,25,30,20,25,25,30,30,30,20,60,55,55,50,65,55,45,20,Groundball,Normal,Normal,20,20,20,30,20,20,20,20,30,20,20,20,20,30,20,20,35,30,30,35,-,-,-,-,-,-,-,-,-,-,-,-,-,-,-,-,-,-,-,-,-,-,-,0,EX FB,83-85,83-85,3/4,Normal,20,20,25,30,30,45,45,60,20,60,55,65,-,-,25,-,-,-,25,30,25,75,-,65,-,-,-,65,45,60,40,45,45,45,Free agent,0,-,0,-,0,0,0,0,0,0,0,0,-,-,-,-,$406k,$406k,Easy,No,-,No,No,Aug. 12th   2042,Average,Medium,International,None,,Major League Baseball,-,0,0,0,0,2042,-,Average,Very Low
74722,SP,Bob Osorno,-,-,-,-,05/07/2025,17,6' 2',180 lbs,L,L,Unkn.,Unkn.,25,70,N,H,N,N,N,N,Unknown,Normal,-,-,-,-,-,-,-,20,20,20,20,20,20,20,20,20,20,20,20,20,20,20,20,20,20,25,25,30,30,45,30,40,25,Normal,Pull,Normal,20,30,35,40,25,20,30,40,45,30,20,30,35,45,25,45,60,80,45,70,-,-,-,-,-,30,45,-,-,-,-,25,45,-,-,20,60,-,-,-,-,-,-,3,NEU,87-89,88-90,OTT,Normal,65,55,20,20,20,30,25,65,20,40,45,50,45,-,-,-,-,-,-,-,-,45,-,35,-,-,-,45,-,35,25,25,20,25,Free agent,0,-,0,-,0,0,0,0,0,0,0,0,-,-,-,-,$211k,$211k,Very Easy,No,-,No,No,Jul. 23rd   2042,Average,Medium,International,None,,Major League Baseball,-,0,0,0,0,2042,-,Weak,Very Low
72078,CF,Sergio Panduro,-,-,-,-,01/06/2024,18,5' 9',160 lbs,L,L,Unkn.,Unkn.,20,45,N,N,H,N,N,N,Unknown,Normal,-,-,-,-,-,-,-,25,25,30,25,25,30,25,25,25,25,25,25,25,25,30,25,25,30,55,55,50,45,55,55,65,25,Normal,Normal,Spray,20,20,20,20,20,20,20,20,20,20,20,20,20,20,20,20,30,30,20,35,-,-,-,-,-,-,-,-,-,-,-,-,-,-,-,-,-,-,-,-,-,-,-,0,NEU,80-83,80-83,SIDE,Normal,20,20,20,25,20,40,25,40,20,45,50,50,-,-,-,-,-,-,25,25,20,50,-,40,-,-,-,50,25,45,50,40,40,45,Free agent,0,-,0,-,0,0,0,0,0,0,0,0,-,-,-,-,$92k,$92k,Easy,No,-,No,No,Aug. 16th   2042,High,Medium,International,None,,Major League Baseball,-,0,0,0,0,2040,-,Weak,Very Low
74807,SP,Jose Parra,-,-,-,-,08/25/2025,17,6' 0',175 lbs,R,R,Unkn.,Unkn.,20,45,N,N,N,N,H,N,Unknown,Normal,-,-,-,-,-,-,-,20,20,20,20,20,20,20,20,20,20,20,20,20,20,20,20,20,20,30,30,25,30,30,30,60,30,Normal,Spray,Normal,25,30,20,40,30,25,30,20,35,25,25,35,20,45,30,45,55,40,45,65,30,45,-,-,-,25,45,30,50,-,-,-,-,-,-,-,-,-,-,-,-,-,-,3,NEU,87-89,90-92,SIDE,Normal,65,35,20,20,20,30,30,50,30,50,40,50,45,-,-,-,-,-,-,-,-,45,-,35,-,-,-,50,25,45,25,25,20,25,Free agent,0,-,0,-,0,0,0,0,0,0,0,0,-,-,-,-,$76k,$76k,Easy,No,-,No,No,Aug. 17th   2042,Average,Medium,International,None,,Major League Baseball,-,0,0,0,0,2042,-,Very Weak,Very Low
73480,SP,Nelson Pelaez,-,-,-,-,10/11/2024,17,6' 4',190 lbs,L,R,Unkn.,Unkn.,20,50,N,H,N,L,H,N,Unknown,Fragile,-,-,-,-,-,-,-,20,20,20,20,20,20,20,20,20,20,20,20,20,20,20,20,20,20,30,30,30,30,30,30,35,20,Normal,Spray,Spray,25,20,30,45,20,25,20,25,40,20,25,20,30,45,20,60,45,45,45,45,35,70,-,-,-,25,80,30,70,-,-,-,-,-,-,25,60,-,-,-,-,-,-,4,NEU,90-92,95-97,3/4,Normal,50,30,25,25,25,30,35,55,20,35,40,45,50,-,-,-,-,-,-,-,-,50,-,40,-,20,-,30,-,25,30,20,20,20,Free agent,0,-,0,-,0,0,0,0,0,0,0,0,-,-,-,-,$65k,$65k,Very Easy,No,-,No,No,Jul. 30th   2042,High,Medium,International,None,,Major League Baseball,-,0,0,0,0,2041,-,Weak,Very Low
74788,SS,Julio Penagos,-,-,-,-,04/10/2026,16,6' 2',170 lbs,R,R,Unkn.,Unkn.,20,70,N,N,L,N,N,N,Unknown,Normal,-,-,-,-,-,-,-,25,25,35,30,30,25,25,25,35,30,30,30,25,25,35,30,30,25,55,60,80,70,55,65,35,25,Line Drive,Normal,Normal,20,25,20,20,25,20,25,20,20,25,20,25,20,20,25,20,35,30,20,40,-,-,-,-,-,-,-,-,-,-,-,-,-,-,-,-,-,-,-,-,-,-,-,0,NEU,80-83,80-83,OTT,Normal,20,20,20,20,20,60,45,50,45,35,35,45,-,-,-,-,20,30,-,-,-,80,-,70,50,45,40,35,-,30,65,50,40,40,Free agent,0,-,0,-,0,0,0,0,0,0,0,0,-,-,-,-,$867k,$867k,Very Easy,No,-,No,No,Jul. 23rd   2042,Average,Medium,International,None,,Major League Baseball,-,0,0,0,0,2042,-,Weak,Very Low
74755,3B,Ruben Pereira,-,-,-,-,03/05/2026,16,6' 1',175 lbs,R,R,Unkn.,Unkn.,20,50,N,N,N,N,N,L,Unknown,Normal,-,-,-,-,-,-,-,30,25,20,20,30,30,30,30,20,25,35,30,25,25,20,20,30,30,55,60,50,45,80,60,40,25,Normal,Normal,Pull,20,20,20,20,25,20,20,20,20,25,20,20,20,20,25,20,35,30,20,40,-,-,-,-,-,-,-,-,-,-,-,-,-,-,-,-,-,-,-,-,-,-,-,0,NEU,80-83,80-83,3/4,Normal,20,20,20,20,25,45,35,55,35,50,45,35,-,-,-,20,25,-,-,-,-,70,-,55,35,35,25,50,25,40,30,20,20,20,Free agent,0,-,0,-,0,0,0,0,0,0,0,0,-,-,-,-,$195k,$195k,Very Easy,No,-,No,No,Aug. 13th   2042,Average,Extreme,International,None,,Major League Baseball,-,0,0,0,0,2042,-,Very Weak,Very Low
74728,2B,Julio Quintero,-,-,-,-,06/28/2025,17,6' 0',175 lbs,R,R,Unkn.,Unkn.,20,45,N,N,H,N,H,N,Unknown,Normal,-,-,-,-,-,-,-,20,25,25,30,20,20,30,20,25,30,20,20,25,20,25,30,20,20,55,45,50,75,50,35,40,30,Normal,Normal,Normal,20,20,20,20,20,20,20,20,20,20,20,20,20,20,20,20,30,30,20,35,-,-,-,-,-,-,-,-,-,-,-,-,-,-,-,-,-,-,-,-,-,-,-,0,FB,80-83,80-83,OTT,Normal,20,20,25,20,20,40,35,45,50,30,45,40,-,-,-,25,-,-,-,-,-,65,-,50,35,30,-,30,-,25,45,45,45,40,Free agent,0,-,0,-,0,0,0,0,0,0,0,0,-,-,-,-,$200k,$200k,Easy,No,-,No,No,Aug. 19th   2042,Average,Medium,International,None,,Major League Baseball,-,0,0,0,0,2042,-,Weak,Very Low
70590,SS,Ned Rademaker,-,-,-,-,12/23/2022,19,6' 4',195 lbs,R,R,Unkn.,Unkn.,20,45,N,N,N,N,N,N,Unknown,Normal,-,-,-,-,-,-,-,25,20,20,25,25,25,20,25,20,25,25,30,20,25,20,25,25,25,50,55,45,50,50,65,50,25,Normal,Spray,Normal,20,20,20,25,20,20,20,20,25,20,20,20,20,25,20,20,35,30,25,40,-,-,-,-,-,-,-,-,-,-,-,-,-,-,-,-,-,-,-,-,-,-,-,0,EX FB,83-85,83-85,OTT,Normal,20,20,20,20,20,50,55,45,40,35,30,40,-,-,-,25,25,25,-,-,-,80,-,75,45,40,35,30,-,20,45,40,35,35,Free agent,0,-,0,-,0,0,0,0,0,0,0,0,-,-,-,-,$92k,$92k,Very Easy,No,-,No,No,Jul. 29th   2042,High,Medium,International,None,,Major League Baseball,-,0,0,0,0,2039,-,Very Weak,Very Low
74808,C,Alex Razo,-,-,-,-,06/06/2025,17,6' 5',205 lbs,R,R,Unkn.,Unkn.,20,45,L,H,N,N,N,L,Unknown,Normal,-,-,-,-,-,-,-,25,20,25,25,20,30,20,25,25,25,20,30,20,25,25,25,20,30,45,45,45,50,50,50,35,20,Normal,Normal,Normal,20,20,20,30,20,20,20,20,30,20,20,20,20,30,20,20,25,30,30,20,-,-,-,-,-,-,-,-,-,-,-,-,-,-,-,-,-,-,-,-,-,-,-,0,FB,88-90,90-92,3/4,Normal,20,20,60,55,30,35,20,55,25,50,50,55,-,30,-,-,-,-,-,-,-,45,45,40,-,-,-,55,30,50,20,20,20,25,Free agent,0,-,0,-,0,0,0,0,0,0,0,0,-,-,-,-,$200k,$200k,Very Easy,No,-,No,No,Aug. 21st   2042,Average,Medium,International,None,,Major League Baseball,-,0,0,0,0,2042,-,Very Weak,Very Low
74751,CF,Alex Resto,-,-,-,-,03/21/2025,17,6' 2',180 lbs,R,R,Unkn.,Unkn.,20,70,N,H,N,N,N,N,Unknown,Normal,-,-,-,-,-,-,-,30,30,40,25,25,25,30,30,40,25,25,25,30,30,40,25,25,25,60,60,80,55,50,55,40,20,Line Drive,Pull,Pull,20,20,25,20,20,20,20,25,20,20,20,20,25,20,20,20,25,30,20,30,-,-,-,-,-,-,-,-,-,-,-,-,-,-,-,-,-,-,-,-,-,-,-,0,EX FB,87-89,87-89,3/4,Normal,20,20,25,25,25,25,20,25,20,60,40,40,-,-,-,-,-,-,25,30,25,20,-,25,-,-,-,60,45,50,65,50,50,45,Free agent,0,-,0,-,0,0,0,0,0,0,0,0,-,-,-,-,$542k,$542k,Very Easy,No,-,No,No,Jul. 23rd   2042,Average,Extreme,International,None,,Major League Baseball,-,0,0,0,0,2042,-,Average,Very Low
72088,3B,Alex Rioja,-,-,-,-,12/10/2023,18,6' 0',185 lbs,R,R,Unkn.,Unkn.,20,45,N,N,N,L,N,H,Unknown,Normal,-,-,-,-,-,-,-,25,25,30,20,20,25,25,25,30,20,20,30,25,25,30,20,20,25,50,55,50,50,45,60,55,25,Normal,Normal,Normal,20,20,20,25,20,20,20,20,25,20,20,20,20,25,20,20,30,30,25,35,-,-,-,-,-,-,-,-,-,-,-,-,-,-,-,-,-,-,-,-,-,-,-,0,GB,84-86,84-86,OTT,GB'er,20,20,20,20,20,50,40,45,35,30,25,35,-,-,25,25,25,-,-,-,-,75,-,60,40,35,30,-,-,-,35,30,35,25,Free agent,0,-,0,-,0,0,0,0,0,0,0,0,-,-,-,-,$65k,$65k,Very Easy,No,-,No,No,Aug. 18th   2042,High,Medium,International,None,,Major League Baseball,-,0,0,0,0,2040,-,Very Weak,Very Low
74757,2B,Mario Rios,-,-,-,-,04/13/2026,16,6' 0',165 lbs,R,R,Unkn.,Unkn.,20,50,N,H,L,L,H,N,Unknown,Durable,-,-,-,-,-,-,-,25,20,30,25,25,30,20,25,30,25,25,30,20,25,30,25,25,30,60,70,60,45,45,70,50,20,Line Drive,Normal,Pull,20,20,20,30,20,20,20,20,30,20,20,20,20,25,20,20,35,30,30,35,-,-,-,-,-,-,-,-,-,-,-,-,-,-,-,-,-,-,-,-,-,-,-,0,EX FB,83-85,83-85,3/4,Normal,20,20,20,25,25,40,35,35,40,40,45,35,-,-,-,25,-,-,-,-,-,65,-,50,30,-,-,35,-,25,50,50,40,45,Free agent,0,-,0,-,0,0,0,0,0,0,0,0,-,-,-,-,$119k,$119k,Easy,No,-,No,No,Aug. 7th   2042,Average,Medium,International,None,,Major League Baseball,-,0,0,0,0,2042,-,Very Weak,Very Low
74786,1B,Manny Rodriguez,-,-,-,-,09/16/2025,16,6' 1',200 lbs,L,L,Unkn.,Unkn.,20,45,N,N,L,N,L,L,Unknown,Normal,-,-,-,-,-,-,-,25,30,25,30,30,20,25,25,25,25,30,20,30,25,25,30,30,20,65,50,45,50,55,40,50,20,Groundball,Normal,Spray,20,20,20,25,20,20,20,20,25,20,20,20,20,25,20,20,35,30,25,40,-,-,-,-,-,-,-,-,-,-,-,-,-,-,-,-,-,-,-,-,-,-,-,0,FB,88-90,90-92,SIDE,Normal,20,20,25,20,25,25,40,45,20,45,45,45,-,-,30,-,-,-,-,-,-,50,-,40,-,-,-,45,-,40,20,25,25,35,Free agent,0,-,0,-,0,0,0,0,0,0,0,0,-,-,-,-,$87k,$87k,Easy,No,-,No,No,Aug. 19th   2042,Average,Medium,International,None,,Major League Baseball,-,0,0,0,0,2042,-,Average,Very Low
72071,SS,Bill Romero,-,-,-,-,04/02/2023,19,6' 3',190 lbs,S,R,Unkn.,Unkn.,20,45,N,N,N,N,N,L,Unknown,Durable,-,-,-,-,-,-,-,25,30,20,25,25,30,25,25,20,25,25,25,30,25,20,25,25,30,60,60,45,45,50,55,60,25,Groundball,Normal,Spray,20,20,20,20,20,20,20,20,20,20,20,20,20,20,20,20,25,30,20,25,-,-,-,-,-,-,-,-,-,-,-,-,-,-,-,-,-,-,-,-,-,-,-,0,EX FB,83-85,83-85,3/4,Normal,20,20,20,25,25,55,35,55,60,45,40,55,-,-,30,25,-,30,-,-,-,75,-,65,50,45,40,50,25,45,35,35,35,25,Free agent,0,-,0,-,0,0,0,0,0,0,0,0,-,-,-,-,$87k,$87k,Easy,No,-,No,No,Aug. 20th   2042,High,Medium,International,None,,Major League Baseball,-,0,0,0,0,2040,-,Weak,Very Low
74738,CF,Jose Rovira,-,-,-,-,10/07/2025,16,6' 0',175 lbs,R,R,Unkn.,Unkn.,20,40,H,H,N,N,N,H,Unknown,Normal,-,-,-,-,-,-,-,25,25,30,30,20,25,25,25,30,30,20,25,25,25,30,30,20,25,45,45,50,60,50,45,65,25,Flyball,Spray,Spray,20,20,20,30,20,20,20,20,30,20,20,20,20,30,20,20,35,30,30,35,-,-,-,-,-,-,-,-,-,-,-,-,-,-,-,-,-,-,-,-,-,-,-,0,GB,86-88,86-88,3/4,GB'er,20,20,25,25,20,25,25,45,25,50,60,60,-,-,20,-,-,-,25,25,25,30,-,25,-,-,-,55,35,50,50,40,45,35,Free agent,0,-,0,-,0,0,0,0,0,0,0,0,-,-,-,-,$406k,$406k,Easy,No,-,No,No,Jul. 8th   2042,Average,Medium,International,None,,Major League Baseball,-,0,0,0,0,2042,-,Weak,Very Low
74718,CF,Victor Ruz,-,-,-,-,08/31/2025,16,6' 3',190 lbs,R,L,Unkn.,Unkn.,20,80,N,N,H,N,H,N,Unknown,Normal,-,-,-,-,-,-,-,25,25,35,30,35,20,30,25,35,35,35,20,25,25,35,30,35,20,70,50,80,80,80,35,40,50,Line Drive,Pull,Spray,20,20,20,25,20,20,20,20,25,20,20,20,20,20,20,20,30,30,25,30,-,-,-,-,-,-,-,-,-,-,-,-,-,-,-,-,-,-,-,-,-,-,-,0,NEU,89-91,91-93,3/4,Normal,20,20,20,20,20,30,30,45,20,60,40,55,-,-,-,-,-,-,20,30,25,45,-,35,-,-,-,65,45,55,60,55,50,45,Free agent,0,-,0,-,0,0,0,0,0,0,0,0,-,-,-,-,$1.2m,$1.2m,Very Easy,No,-,No,No,Aug. 23rd   2042,Average,Medium,International,None,,Major League Baseball,-,0,0,0,0,2042,-,Very Weak,Very Low
72081,RP,Edwin Salazar,-,-,-,-,01/09/2024,18,6' 2',185 lbs,R,R,Unkn.,Unkn.,20,45,N,N,N,N,N,L,Unknown,Normal,-,-,-,-,-,-,-,20,20,20,25,20,20,20,20,20,25,20,20,20,20,20,25,20,20,45,40,35,35,35,30,45,25,Groundball,Normal,Spray,20,30,30,40,25,20,30,30,40,25,20,30,30,40,25,50,50,60,45,55,30,50,20,50,-,-,-,-,-,-,-,25,55,-,-,-,-,-,-,-,-,-,-,3,NEU,89-91,93-95,3/4,Normal,35,55,25,30,25,30,30,40,20,50,40,45,45,-,-,-,-,-,-,-,-,45,-,40,-,-,-,45,25,40,25,20,20,20,Free agent,0,-,0,-,0,0,0,0,0,0,0,0,-,-,-,-,$92k,$92k,Easy,No,-,No,No,Aug. 7th   2042,High,Extreme,International,None,,Major League Baseball,-,0,0,0,0,2040,-,Very Weak,Very Low
74772,3B,Mel Salcido,-,-,-,-,06/07/2025,17,6' 1',180 lbs,R,R,Unkn.,Unkn.,20,45,N,N,N,N,N,H,Unknown,Normal,-,-,-,-,-,-,-,25,25,25,20,30,30,25,25,25,20,30,30,25,25,25,20,30,30,55,60,50,50,50,60,45,25,Normal,Normal,Normal,20,20,20,20,20,20,20,20,20,20,20,20,20,20,20,20,35,30,20,40,-,-,-,-,-,-,-,-,-,-,-,-,-,-,-,-,-,-,-,-,-,-,-,0,EX FB,83-85,83-85,3/4,Normal,20,20,20,25,25,55,50,45,50,45,40,50,-,-,25,25,30,-,25,-,25,80,-,65,50,40,40,50,25,40,35,40,35,35,Free agent,0,-,0,-,0,0,0,0,0,0,0,0,-,-,-,-,$81k,$81k,Easy,No,-,No,No,Aug. 11th   2042,Average,Medium,International,None,,Major League Baseball,-,0,0,0,0,2042,-,Weak,Very Low
73471,3B,Andy Sanchez,-,-,-,-,08/21/2024,18,6' 2',185 lbs,R,R,Unkn.,Unkn.,20,45,N,N,N,N,N,N,Unknown,Fragile,-,-,-,-,-,-,-,25,20,25,25,30,30,20,25,25,25,30,30,20,25,25,25,30,30,45,50,45,50,55,55,45,25,Normal,Normal,Normal,20,20,20,20,20,20,20,20,20,20,20,20,20,20,20,20,30,30,20,35,-,-,-,-,-,-,-,-,-,-,-,-,-,-,-,-,-,-,-,-,-,-,-,0,FB,87-89,87-89,3/4,Normal,20,20,20,20,20,45,55,45,35,25,35,30,-,-,-,-,25,-,-,-,-,75,-,65,35,35,25,-,-,-,45,40,30,40,Free agent,0,-,0,-,0,0,0,0,0,0,0,0,-,-,-,-,$87k,$87k,Easy,No,-,No,No,Aug. 21st   2042,High,Medium,International,None,,Major League Baseball,-,0,0,0,0,2041,-,Very Weak,Very Low
72108,2B,Ivan Segura,-,-,-,-,08/26/2023,18,6' 1',170 lbs,R,R,Unkn.,Unkn.,20,45,N,N,H,N,H,N,Unknown,Durable,-,-,-,-,-,-,-,25,25,30,25,25,25,25,25,30,25,25,25,25,25,30,25,25,25,55,55,50,45,50,60,50,20,Groundball,Normal,Normal,20,25,20,30,20,20,25,20,30,20,20,25,20,30,20,20,35,30,30,35,-,-,-,-,-,-,-,-,-,-,-,-,-,-,-,-,-,-,-,-,-,-,-,0,NEU,86-88,86-88,3/4,Normal,20,20,20,20,20,50,40,60,35,40,40,35,-,-,-,25,20,-,20,-,-,75,-,60,35,40,30,40,-,30,45,45,45,35,Free agent,0,-,0,-,0,0,0,0,0,0,0,0,-,-,-,-,$184k,$184k,Easy,No,-,No,No,Jul. 9th   2042,High,Extreme,International,None,,Major League Baseball,-,0,0,0,0,2040,-,Very Weak,Very Low
72022,CF,Rodolfo Sierra,-,-,-,-,02/24/2023,19,6' 3',185 lbs,L,L,Unkn.,Unkn.,20,45,N,N,L,N,L,N,Unknown,Durable,-,-,-,-,-,-,-,25,30,25,20,30,25,30,25,25,20,30,25,30,25,25,20,30,25,55,55,50,45,55,55,50,20,Normal,Spray,Spray,20,20,20,20,20,20,20,20,20,20,20,20,20,20,20,20,25,30,20,30,-,-,-,-,-,-,-,-,-,-,-,-,-,-,-,-,-,-,-,-,-,-,-,0,EX FB,87-89,87-89,SUB,Normal,20,20,20,20,20,20,25,30,20,55,40,45,-,-,-,-,-,-,25,25,25,20,-,25,-,-,-,55,35,50,60,55,55,55,Free agent,0,-,0,-,0,0,0,0,0,0,0,0,-,-,-,-,$92k,$92k,Easy,No,-,No,No,Aug. 18th   2042,High,Medium,International,None,,Major League Baseball,-,0,0,0,0,2040,-,Very Weak,Very Low
74779,3B,Gregorio Soriano,-,-,-,-,12/12/2025,16,6' 2',185 lbs,R,R,Unkn.,Unkn.,20,80,N,N,N,N,N,N,Unknown,Normal,-,-,-,-,-,-,-,30,30,30,30,30,30,30,30,30,30,30,30,30,25,30,30,30,30,75,75,70,55,60,70,45,25,Groundball,Spray,Spray,20,20,20,20,20,20,20,20,20,20,20,20,20,20,20,20,35,30,20,40,-,-,-,-,-,-,-,-,-,-,-,-,-,-,-,-,-,-,-,-,-,-,-,0,FB,85-87,85-87,SIDE,Normal,20,20,20,20,20,50,50,60,35,30,45,45,-,-,-,-,30,-,-,-,-,80,-,70,40,45,35,30,-,-,45,35,35,20,Free agent,0,-,0,-,0,0,0,0,0,0,0,0,-,-,-,-,$406k,$406k,Very Easy,No,-,No,No,Jul. 22nd   2042,Average,Medium,International,None,,Major League Baseball,-,0,0,0,0,2042,-,Very Weak,Very Low
74811,C,Marty Sotero,-,-,-,-,10/08/2025,16,5' 11',175 lbs,S,R,Unkn.,Unkn.,20,60,H,N,N,L,H,N,Unknown,Normal,-,-,-,-,-,-,-,25,25,20,25,20,25,25,25,20,25,20,25,25,25,20,25,20,25,50,55,50,55,55,60,35,25,Normal,Normal,Normal,20,20,20,30,20,20,20,20,30,20,20,20,20,30,20,20,30,30,30,30,-,-,-,-,-,-,-,-,-,-,-,-,-,-,-,-,-,-,-,-,-,-,-,0,NEU,88-90,90-92,3/4,Normal,20,20,55,55,50,30,30,55,25,50,35,45,-,30,-,-,-,-,-,-,-,45,50,35,-,-,-,50,30,40,20,25,20,20,Free agent,0,-,0,-,0,0,0,0,0,0,0,0,-,-,-,-,$70k,$70k,Easy,No,-,No,No,Aug. 3rd   2042,Average,Medium,International,None,,Major League Baseball,-,0,0,0,0,2042,-,Weak,Very Low
74732,RP,Freddy Suarez,-,-,-,-,08/12/2025,17,6' 4',190 lbs,S,R,Unkn.,Unkn.,20,55,N,N,H,N,N,N,Unknown,Normal,-,-,-,-,-,-,-,20,20,20,20,20,20,20,20,20,20,20,20,20,20,20,20,20,20,25,30,30,30,30,35,80,25,Normal,Normal,Normal,20,30,30,45,30,20,30,30,45,30,20,30,30,45,30,45,65,65,50,70,35,55,-,-,45,-,-,-,-,-,-,-,-,-,-,-,-,-,-,-,-,-,-,2,NEU,91-93,95-97,3/4,Normal,40,35,20,20,20,30,30,70,25,45,55,60,50,-,-,-,-,-,-,-,-,50,-,40,-,25,-,50,-,45,30,30,25,40,Free agent,0,-,0,-,0,0,0,0,0,0,0,0,-,-,-,-,$379k,$379k,Easy,No,-,No,No,Aug. 19th   2042,Average,Extreme,International,None,,Major League Baseball,-,0,0,0,0,2042,-,Very Weak,Very Low
74817,C,Manny Suazo,-,-,-,-,08/07/2025,17,6' 1',185 lbs,R,R,Unkn.,Unkn.,20,40,N,N,N,L,N,N,Unknown,Normal,-,-,-,-,-,-,-,20,20,30,25,30,20,20,20,30,25,30,20,20,20,30,25,30,20,40,40,45,55,55,40,40,25,Normal,Pull,Spray,20,20,20,20,20,20,20,20,20,20,20,20,20,20,20,20,30,30,20,35,-,-,-,-,-,-,-,-,-,-,-,-,-,-,-,-,-,-,-,-,-,-,-,0,FB,88-90,88-90,3/4,Normal,20,20,35,55,40,30,25,50,30,25,30,55,-,25,-,-,-,-,-,-,-,45,35,35,-,-,-,-,-,-,30,25,20,20,Free agent,0,-,0,-,0,0,0,0,0,0,0,0,-,-,-,-,$65k,$65k,Very Easy,No,-,No,No,Aug. 5th   2042,Average,Extreme,International,None,,Major League Baseball,-,0,0,0,0,2042,-,Weak,Very Low
74813,CF,Tony Torrez,-,-,-,-,05/22/2025,17,6' 0',170 lbs,R,R,Unkn.,Unkn.,20,60,H,H,L,L,N,N,Unknown,Fragile,-,-,-,-,-,-,-,30,25,30,25,25,35,25,30,30,25,25,35,25,30,30,25,25,35,55,75,80,45,45,80,50,20,Line Drive,Pull,Pull,20,30,20,20,30,20,30,20,20,30,20,30,20,20,30,20,35,30,20,40,-,-,-,-,-,-,-,-,-,-,-,-,-,-,-,-,-,-,-,-,-,-,-,0,NEU,89-91,91-93,SIDE,Normal,20,20,20,20,20,35,35,30,30,60,40,40,-,-,-,-,-,-,25,30,20,50,-,45,-,-,-,60,40,50,60,55,45,50,Free agent,0,-,0,-,0,0,0,0,0,0,0,0,-,-,-,-,$125k,$125k,Easy,No,-,No,No,Jul. 25th   2042,Average,Medium,International,None,,Major League Baseball,-,0,0,0,0,2042,-,Weak,Very Low
73423,CF,Jonathan Trejo,-,-,-,-,03/19/2025,17,6' 1',175 lbs,R,R,Unkn.,Unkn.,20,45,N,N,N,L,N,N,Unknown,Fragile,-,-,-,-,-,-,-,20,20,25,25,25,25,20,25,25,25,25,25,20,20,25,25,25,25,45,50,50,45,55,55,35,20,Normal,Normal,Spray,20,20,20,20,20,20,20,20,20,20,20,20,20,20,20,20,30,30,20,30,-,-,-,-,-,-,-,-,-,-,-,-,-,-,-,-,-,-,-,-,-,-,-,0,NEU,88-90,88-90,3/4,Normal,20,20,20,20,20,50,35,40,45,65,35,35,-,-,-,-,-,-,25,30,25,70,-,60,40,30,25,65,45,50,55,50,25,35,Free agent,0,-,0,-,0,0,0,0,0,0,0,0,-,-,-,-,$141k,$141k,Very Easy,No,-,No,No,Jul. 25th   2042,High,Medium,International,None,,Major League Baseball,-,0,0,0,0,2041,-,Average,Very Low
74740,3B,Willis Tremillo,-,-,-,-,03/26/2025,17,6' 1',190 lbs,R,R,Unkn.,Unkn.,20,50,N,N,N,H,N,N,Unknown,Normal,-,-,-,-,-,-,-,25,30,25,30,30,20,30,25,25,30,30,20,30,25,25,30,30,20,55,45,50,80,75,30,35,25,Flyball,Normal,Normal,20,20,20,20,20,20,20,20,20,20,20,20,20,20,20,20,30,30,20,35,-,-,-,-,-,-,-,-,-,-,-,-,-,-,-,-,-,-,-,-,-,-,-,0,NEU,87-89,87-89,3/4,Normal,20,20,20,25,25,50,35,55,40,35,40,35,-,-,-,-,25,-,-,-,-,70,-,60,35,35,30,35,-,25,30,25,30,20,Free agent,0,-,0,-,0,0,0,0,0,0,0,0,-,-,-,-,$704k,$704k,Easy,No,-,No,No,Aug. 20th   2042,Average,Medium,International,None,,Major League Baseball,-,0,0,0,0,2042,-,Very Weak,Very Low
74736,2B,Raul Trevino,-,-,-,-,02/09/2026,16,6' 3',190 lbs,R,R,Unkn.,Unkn.,20,45,N,N,N,N,H,N,Unknown,Normal,-,-,-,-,-,-,-,25,25,30,25,30,25,25,25,30,25,30,30,25,25,30,25,30,25,50,50,50,45,70,50,40,25,Normal,Normal,Normal,20,20,20,20,20,20,20,20,20,20,20,20,20,20,20,20,30,30,20,35,-,-,-,-,-,-,-,-,-,-,-,-,-,-,-,-,-,-,-,-,-,-,-,0,NEU,85-87,85-87,3/4,Normal,20,20,25,25,25,40,40,35,55,35,35,40,-,-,-,25,-,-,20,-,-,70,-,60,40,25,-,30,-,25,35,30,20,30,Free agent,0,-,0,-,0,0,0,0,0,0,0,0,-,-,-,-,$87k,$87k,Very Easy,No,-,No,No,Aug. 16th   2042,Average,Medium,International,None,,Major League Baseball,-,0,0,0,0,2042,-,Very Weak,Very Low
72086,LF,Marco Valdez,-,-,-,-,12/04/2023,18,6' 6',200 lbs,L,L,Unkn.,Unkn.,20,40,L,L,N,H,N,N,Unknown,Normal,-,-,-,-,-,-,-,25,20,30,25,20,25,20,20,30,25,20,25,20,25,30,25,20,25,50,55,50,45,40,60,50,20,Normal,Normal,Normal,20,20,20,20,20,20,20,20,20,20,20,20,20,20,20,20,35,30,20,40,-,-,-,-,-,-,-,-,-,-,-,-,-,-,-,-,-,-,-,-,-,-,-,0,EX FB,85-87,85-87,3/4,Normal,20,20,20,20,20,50,40,50,20,45,35,35,-,-,30,-,-,-,30,-,-,70,-,70,-,-,-,40,-,30,30,40,50,45,Free agent,0,-,0,-,0,0,0,0,0,0,0,0,-,-,-,-,$108k,$108k,Easy,No,-,No,No,Aug. 8th   2042,High,Medium,International,None,,Major League Baseball,-,0,0,0,0,2040,-,Very Weak,Very Low
72101,3B,Ignacio Valle,-,-,-,-,05/29/2023,19,6' 2',195 lbs,S,R,Unkn.,Unkn.,20,50,N,H,N,L,H,L,Unknown,Normal,-,-,-,-,-,-,-,25,25,25,25,30,30,25,25,25,25,25,30,25,25,25,25,30,30,60,60,45,55,55,60,50,20,Normal,Spray,Normal,20,20,20,25,20,20,20,20,25,20,20,20,20,25,20,20,30,30,25,30,-,-,-,-,-,-,-,-,-,-,-,-,-,-,-,-,-,-,-,-,-,-,-,0,NEU,89-91,91-93,SIDE,Normal,20,20,20,20,20,45,45,60,40,35,40,55,-,-,-,-,30,-,-,-,-,75,-,60,35,45,30,40,-,35,35,35,35,35,Free agent,0,-,0,-,0,0,0,0,0,0,0,0,-,-,-,-,$157k,$157k,Very Easy,No,-,No,No,Jul. 8th   2042,High,Medium,International,None,,Major League Baseball,-,0,0,0,0,2040,-,Weak,Very Low
74720,RF,Cecil van Iersel,-,-,-,-,09/11/2025,16,6' 0',170 lbs,R,L,Unkn.,Unkn.,20,55,N,N,N,L,N,N,Unknown,Normal,-,-,-,-,-,-,-,25,30,25,25,25,20,30,25,25,25,25,20,30,25,25,25,25,20,60,60,55,50,65,55,45,20,Normal,Normal,Pull,20,20,20,20,20,20,20,20,20,20,20,20,20,20,20,20,30,30,20,30,-,-,-,-,-,-,-,-,-,-,-,-,-,-,-,-,-,-,-,-,-,-,-,0,NEU,87-89,87-89,3/4,Normal,20,20,25,25,25,25,20,35,20,50,50,50,-,-,-,-,-,-,25,25,30,30,-,30,-,-,-,55,30,50,40,30,20,20,Free agent,0,-,0,-,0,0,0,0,0,0,0,0,-,-,-,-,$650k,$650k,Easy,No,-,No,No,Aug. 3rd   2042,Average,Extreme,International,None,,Major League Baseball,-,0,0,0,0,2042,-,Very Weak,Very Low
74753,CF,Juan Varela,-,-,-,-,11/07/2025,16,5' 11',170 lbs,R,R,Unkn.,Unkn.,20,80,N,N,H,N,H,N,Unknown,Normal,-,-,-,-,-,-,-,25,20,30,30,25,25,20,25,30,30,25,25,20,25,30,30,25,25,65,70,55,75,50,65,40,20,Normal,Normal,Spray,20,20,20,30,20,20,20,20,30,20,20,20,20,30,20,20,35,30,30,35,-,-,-,-,-,-,-,-,-,-,-,-,-,-,-,-,-,-,-,-,-,-,-,0,NEU,88-90,88-90,SIDE,Normal,20,20,20,20,20,30,25,25,25,55,45,35,-,-,20,-,-,-,25,30,20,35,-,30,-,-,-,55,40,45,40,45,50,40,Free agent,0,-,0,-,0,0,0,0,0,0,0,0,-,-,-,-,$921k,$921k,Very Easy,No,-,No,No,Jul. 22nd   2042,Average,Medium,International,None,,Major League Baseball,-,0,0,0,0,2042,-,Weak,Very Low
74795,CF,Alex Vasquez,-,-,-,-,06/06/2025,17,6' 2',180 lbs,L,L,Unkn.,Unkn.,20,80,L,L,H,H,N,N,Unknown,Durable,-,-,-,-,-,-,-,25,20,30,30,30,35,20,25,30,30,30,35,20,25,30,30,30,35,50,65,80,65,75,80,75,60,Line Drive,Pull,Normal,20,20,20,30,20,20,20,20,30,20,20,20,20,30,20,20,35,30,30,35,-,-,-,-,-,-,-,-,-,-,-,-,-,-,-,-,-,-,-,-,-,-,-,0,NEU,87-89,89-91,3/4,Normal,20,20,20,20,25,40,35,40,20,65,45,45,-,-,-,-,-,-,30,30,25,60,-,50,-,-,-,65,50,60,60,50,45,50,Free agent,0,-,0,-,0,0,0,0,0,0,0,0,-,-,-,-,$758k,$758k,Easy,No,-,No,No,Jul. 22nd   2042,Average,Medium,International,None,,Major League Baseball,-,0,0,0,0,2042,-,Very Weak,Very Low
74774,SP,Rodolfo Vazquez,-,-,-,-,10/28/2025,16,6' 7',210 lbs,R,R,Unkn.,Unkn.,20,65,N,N,N,H,N,N,Unknown,Normal,-,-,-,-,-,-,-,20,25,20,20,20,20,25,20,20,20,20,20,25,20,20,20,20,20,55,45,35,35,30,35,55,25,Groundball,Normal,Normal,35,30,20,45,25,35,30,20,45,25,35,30,20,45,25,60,50,50,45,55,-,-,20,45,80,40,80,-,-,30,70,35,80,-,-,-,-,-,-,-,-,-,-,5,NEU,92-94,96-98,OTT,Normal,60,40,20,20,20,35,20,55,25,35,35,45,45,-,-,-,-,-,-,-,-,45,-,40,-,-,-,35,-,25,25,25,20,30,Free agent,0,-,0,-,0,0,0,0,0,0,0,0,-,-,-,-,$1.6m,$1.6m,Very Easy,No,-,No,No,Jul. 24th   2042,Average,Extreme,International,None,,Major League Baseball,-,0,0,0,0,2042,-,Weak,Very Low
74805,CF,Julio Verduzco,-,-,-,-,05/10/2025,17,6' 0',175 lbs,R,R,Unkn.,Unkn.,20,80,N,N,N,N,N,L,Unknown,Durable,-,-,-,-,-,-,-,30,30,30,30,35,30,30,30,30,30,35,30,30,30,30,30,35,30,65,70,80,55,80,75,40,25,Line Drive,Pull,Normal,20,20,20,20,20,20,20,20,20,20,20,20,20,20,20,20,30,30,20,35,-,-,-,-,-,-,-,-,-,-,-,-,-,-,-,-,-,-,-,-,-,-,-,0,NEU,88-90,90-92,3/4,Normal,20,20,25,25,25,35,35,35,30,60,45,45,-,-,-,-,-,-,25,30,25,55,-,45,-,-,-,65,50,55,40,45,40,55,Free agent,0,-,0,-,0,0,0,0,0,0,0,0,-,-,-,-,$460k,$460k,Very Easy,No,-,No,No,Jul. 24th   2042,Average,Medium,International,None,,Major League Baseball,-,0,0,0,0,2042,-,Very Weak,Very Low
73477,RP,Daniel Vigil,-,-,-,-,07/14/2024,18,6' 1',175 lbs,R,L,Unkn.,Unkn.,20,35,N,L,N,N,N,N,Unknown,Normal,-,-,-,-,-,-,-,20,20,20,20,20,20,20,20,20,20,20,20,20,20,20,20,20,20,30,30,30,30,35,30,30,25,Normal,Pull,Pull,20,20,20,40,20,20,20,20,40,20,25,20,20,40,20,50,45,30,45,40,35,55,-,-,55,-,-,-,-,-,-,-,-,-,-,-,-,-,-,-,-,-,-,2,FB,89-91,92-94,3/4,Normal,30,75,20,20,20,30,20,45,20,30,30,40,40,-,-,-,-,-,-,-,-,40,-,35,-,-,-,25,-,-,30,25,20,20,Free agent,0,-,0,-,0,0,0,0,0,0,0,0,-,-,-,-,$92k,$92k,Very Easy,No,-,No,No,Jul. 12th   2042,Average,Medium,International,None,,Major League Baseball,-,0,0,0,0,2041,-,Weak,Very Low
74802,CF,John Zamora,-,-,-,-,09/27/2025,16,6' 1',175 lbs,R,R,Unkn.,Unkn.,20,80,N,N,N,N,N,N,Unknown,Normal,-,-,-,-,-,-,-,25,25,40,30,35,25,25,25,40,30,35,25,25,25,40,30,35,25,55,60,80,70,80,55,55,25,Line Drive,Pull,Pull,20,20,20,30,20,20,20,20,30,20,20,20,20,25,20,20,35,30,30,40,-,-,-,-,-,-,-,-,-,-,-,-,-,-,-,-,-,-,-,-,-,-,-,0,EX FB,88-90,90-92,3/4,Normal,20,20,20,20,20,35,35,40,30,50,50,45,-,-,-,-,-,-,25,25,25,60,-,45,-,-,-,50,30,45,60,45,45,35,Free agent,0,-,0,-,0,0,0,0,0,0,0,0,-,-,-,-,$1.4m,$1.4m,Very Easy,No,-,No,No,Jul. 22nd   2042,Average,Medium,International,None,,Major League Baseball,-,0,0,0,0,2042,-,Weak,Very Low
